Experience_Years,Gender,Location,Sessions_Completed,Name,Qualifications,Verification,Endorsements,Availability,Job_Title,Phone,Accepting_Clients,Description
36,Non-binary,Canada,Yes,Alice Smith,MA Counseling,Unverified,3,Mon-Wed,Counsellor,07754 214 1409,Not Accepting,"I am an accredited counsellor with experience in offering help with early childhood trauma and depression and anxiety. I work primarily using mindfulness-based therapy. I specialise in creating a safe, non-judgmental space for clients to explore their concerns. I previously worked with young people in educational settings."
34,Female,UK,No,Alice Smith,MA Counseling,Unverified,4,Tue-Thu,Psychotherapist,07859 381 5012,Accepting,"I am an experienced psychotherapist with experience in offering help with generational trauma and early childhood trauma. I work primarily using schema therapy. I specialise in creating a safe, non-judgmental space for clients to explore their concerns. I have worked in both NHS and private settings."
65,Non-binary,USA,No,Carol White,MSc Psychotherapy,Unverified,0,Mon-Fri,Mental Health Counsellor,07328 242 2679,Accepting,"I am an accredited mental health counsellor with experience in offering help with stress and burnout and trauma and PTSD. I work primarily using cognitive behavioural therapy (CBT). I specialise in creating a safe, non-judgmental space for clients to explore their concerns. I have worked in both NHS and private settings."
34,Male,Online Only,No,Bob Jones,PhD Clinical Psychology,Verified,5,Mon-Fri,Clinical Psychologist,07792 858 9935,Accepting,"I am an experienced clinical psychologist with experience in offering help with grief and loss and workplace issues. I work primarily using dialectical behaviour therapy (DBT). I specialise in creating a safe, non-judgmental space for clients to explore their concerns. I formerly worked in frontline mental health services."
22,Female,Canada,No,Bob Jones,MSc Psychotherapy,Unverified,2,Tue-Thu,Clinical Psychologist,07189 704 7912,Not Accepting,"I am a qualified clinical psychologist with experience in offering help with intercultural issues and life transitions. I work primarily using solution-focused therapy. I specialise in creating a safe, non-judgmental space for clients to explore their concerns. I previously worked with young people in educational settings."
64,Non-binary,UK,No,Bob Jones,MSc Psychotherapy,Unverified,2,Mon-Wed,CBT Therapist,07132 130 2535,Not Accepting,"I am an experienced cbt therapist with experience in offering help with bereavement and addiction and recovery. I work primarily using cognitive behavioural therapy (CBT). I specialise in creating a safe, non-judgmental space for clients to explore their concerns. I have over a decade of experience in private practice."
26,Female,UK,No,Alice Smith,MA Counseling,Unverified,1,Mon-Wed,Counsellor,07323 338 9279,Waitlist,"I am an accredited counsellor with experience in offering help with stress and burnout and OCD. I work primarily using mindfulness-based therapy. I specialise in creating a safe, non-judgmental space for clients to explore their concerns. I have over a decade of experience in private practice."
57,Male,UK,Yes,Emma Wilson,MA Counseling,Verified,0,Tue-Thu,Occupational Therapist,07716 127 4257,Accepting,"I am an accredited occupational therapist with experience in offering help with OCD and early childhood trauma. I work primarily using psychodynamic therapy. I specialise in creating a safe, non-judgmental space for clients to explore their concerns. I have experience working with diverse and multicultural populations."
25,Male,USA,No,Alice Smith,MSc Psychotherapy,Verified,3,Mon-Fri,Counsellor,07833 765 9928,Accepting,"I am an accredited counsellor with experience in offering help with bipolar disorder and phobias. I work primarily using dialectical behaviour therapy (DBT). I specialise in creating a safe, non-judgmental space for clients to explore their concerns. I have a background in crisis intervention."
65,Non-binary,India,Yes,Emma Wilson,MSc Psychotherapy,Verified,3,Mon-Wed,Art Therapist,07529 325 8359,Accepting,"I am an accredited art therapist with experience in offering help with self-esteem and confidence and life transitions. I work primarily using psychodynamic therapy. I specialise in creating a safe, non-judgmental space for clients to explore their concerns. I have experience working with diverse and multicultural populations."
52,Female,India,No,David Brown,MA Counseling,Verified,4,Wed-Fri,EMDR Therapist,07703 384 1106,Accepting,"I am an experienced emdr therapist with experience in offering help with life transitions and eating disorders. I work primarily using dialectical behaviour therapy (DBT). I specialise in creating a safe, non-judgmental space for clients to explore their concerns. I trained at a leading London institution."
23,Male,Canada,No,Alice Smith,PhD Clinical Psychology,Verified,5,Tue-Thu,Psychotherapist,07877 925 3615,Not Accepting,"I am a qualified psychotherapist with experience in offering help with intercultural issues and relationship issues. I work primarily using cognitive behavioural therapy (CBT). I specialise in creating a safe, non-judgmental space for clients to explore their concerns. I previously worked with young people in educational settings."
36,Female,UK,No,Alice Smith,PhD Clinical Psychology,Unverified,4,Wed-Fri,Psychotherapist,07814 532 6574,Accepting,"I am a qualified psychotherapist with experience in offering help with relationship issues and grief and loss. I work primarily using psychodynamic therapy. I specialise in creating a safe, non-judgmental space for clients to explore their concerns. I have experience working with diverse and multicultural populations."
30,Non-binary,Other,Yes,Alice Smith,MSc Psychotherapy,Verified,1,Wed-Fri,Counsellor,07384 259 4527,Accepting,"I am a qualified counsellor with experience in offering help with self-esteem and confidence and bipolar disorder. I work primarily using EMDR. I specialise in creating a safe, non-judgmental space for clients to explore their concerns. I trained at a leading London institution."
30,Female,India,No,Bob Jones,PhD Clinical Psychology,Verified,0,Mon-Fri,Clinical Psychologist,07881 444 2674,Not Accepting,"I am an experienced clinical psychologist with experience in offering help with intercultural issues and addiction and recovery. I work primarily using psychodynamic therapy. I specialise in creating a safe, non-judgmental space for clients to explore their concerns. I have worked extensively with both individuals and couples."
23,Female,Australia,No,Bob Jones,MSc Psychotherapy,Unverified,3,Tue-Thu,Clinical Psychologist,07194 489 2584,Not Accepting,"I am a qualified clinical psychologist with experience in offering help with complex trauma and life transitions. I work primarily using person-centred therapy. I specialise in creating a safe, non-judgmental space for clients to explore their concerns. I have over a decade of experience in private practice."
18,Prefer not to say,USA,No,Emma Wilson,MA Psychology,Unverified,0,Mon-Wed,Occupational Therapist,07467 967 6635,Accepting,"I am an experienced occupational therapist with experience in offering help with personality disorders and addiction and recovery. I work primarily using schema therapy. I specialise in creating a safe, non-judgmental space for clients to explore their concerns. I previously worked with young people in educational settings."
30,Male,Australia,Yes,Emma Wilson,MA Counseling,Verified,1,Mon-Wed,Art Therapist,07718 370 1711,Not Accepting,"I am a qualified art therapist with experience in offering help with OCD and trauma and PTSD. I work primarily using person-centred therapy. I specialise in creating a safe, non-judgmental space for clients to explore their concerns. I formerly worked in frontline mental health services."
53,Prefer not to say,Australia,No,Alice Smith,MSc Psychotherapy,Unverified,0,Tue-Thu,Psychotherapist,07847 570 9785,Waitlist,"I am an experienced psychotherapist with experience in offering help with personality disorders and addiction and recovery. I work primarily using psychodynamic therapy. I specialise in creating a safe, non-judgmental space for clients to explore their concerns. I previously worked with young people in educational settings."
42,Non-binary,Canada,No,Emma Wilson,MSc Psychotherapy,Verified,0,Mon-Fri,Occupational Therapist,07227 487 2291,Accepting,"I am an experienced occupational therapist with experience in offering help with OCD and intercultural issues. I work primarily using acceptance and commitment therapy (ACT). I specialise in creating a safe, non-judgmental space for clients to explore their concerns. I have experience working with diverse and multicultural populations."
23,Male,USA,No,Bob Jones,MSc Psychotherapy,Verified,0,Mon-Wed,Clinical Psychologist,07665 400 6925,Waitlist,"I am an accredited clinical psychologist with experience in offering help with self-esteem and confidence and generational trauma. I work primarily using mindfulness-based therapy. I specialise in creating a safe, non-judgmental space for clients to explore their concerns. I have over a decade of experience in private practice."
50,Non-binary,UK,Yes,Emma Wilson,PhD Clinical Psychology,Unverified,1,Mon-Wed,Occupational Therapist,07691 296 2139,Not Accepting,"I am a qualified occupational therapist with experience in offering help with life transitions and phobias. I work primarily using mindfulness-based therapy. I specialise in creating a safe, non-judgmental space for clients to explore their concerns. I have worked extensively with both individuals and couples."
65,Male,India,Yes,David Brown,MSc Psychotherapy,Verified,1,Mon-Wed,EMDR Therapist,07146 777 4733,Accepting,"I am an accredited emdr therapist with experience in offering help with bereavement and personality disorders. I work primarily using integrative therapy. I specialise in creating a safe, non-judgmental space for clients to explore their concerns. I previously worked with young people in educational settings."
60,Female,Germany,No,Bob Jones,MA Psychology,Unverified,1,Mon-Fri,Clinical Psychologist,07891 396 2307,Accepting,"I am an accredited clinical psychologist with experience in offering help with workplace issues and family conflict. I work primarily using psychodynamic therapy. I specialise in creating a safe, non-judgmental space for clients to explore their concerns. I formerly worked in frontline mental health services."
35,Male,Germany,No,David Brown,PhD Clinical Psychology,Unverified,3,Mon-Wed,Family Therapist,07975 338 2654,Waitlist,"I am an accredited family therapist with experience in offering help with generational trauma and complex trauma. I work primarily using solution-focused therapy. I specialise in creating a safe, non-judgmental space for clients to explore their concerns. I have worked extensively with both individuals and couples."
49,Male,USA,No,Emma Wilson,MA Counseling,Unverified,2,Mon-Wed,Art Therapist,07489 384 8428,Accepting,"I am an experienced art therapist with experience in offering help with personality disorders and phobias. I work primarily using dialectical behaviour therapy (DBT). I specialise in creating a safe, non-judgmental space for clients to explore their concerns. I previously worked in addiction services."
47,Prefer not to say,Online Only,No,Carol White,MA Psychology,Unverified,5,Wed-Fri,Mental Health Counsellor,07750 954 6977,Accepting,"I am an experienced mental health counsellor with experience in offering help with addiction and recovery and life transitions. I work primarily using cognitive behavioural therapy (CBT). I specialise in creating a safe, non-judgmental space for clients to explore their concerns. I have worked in both NHS and private settings."
63,Female,Australia,No,Alice Smith,MSc Psychotherapy,Verified,5,Mon-Fri,Psychotherapist,07266 479 6820,Accepting,"I am a qualified psychotherapist with experience in offering help with life transitions and addiction and recovery. I work primarily using integrative therapy. I specialise in creating a safe, non-judgmental space for clients to explore their concerns. I have worked in both NHS and private settings."
26,Female,UK,Yes,Bob Jones,MA Psychology,Unverified,5,Mon-Wed,CBT Therapist,07314 786 5374,Waitlist,"I am an experienced cbt therapist with experience in offering help with stress and burnout and complex trauma. I work primarily using acceptance and commitment therapy (ACT). I specialise in creating a safe, non-judgmental space for clients to explore their concerns. I formerly worked in frontline mental health services."
34,Prefer not to say,Online Only,Yes,David Brown,MSc Psychotherapy,Unverified,0,Mon-Fri,EMDR Therapist,07818 799 2169,Not Accepting,"I am an accredited emdr therapist with experience in offering help with addiction and recovery and workplace issues. I work primarily using EMDR. I specialise in creating a safe, non-judgmental space for clients to explore their concerns. I have experience supporting individuals through major life transitions."
18,Non-binary,Germany,Yes,Carol White,MA Psychology,Verified,4,Mon-Fri,Psychodynamic Therapist,07723 750 3803,Waitlist,"I am an accredited psychodynamic therapist with experience in offering help with eating disorders and workplace issues. I work primarily using dialectical behaviour therapy (DBT). I specialise in creating a safe, non-judgmental space for clients to explore their concerns. I previously worked with young people in educational settings."
20,Non-binary,Canada,Yes,Carol White,PhD Clinical Psychology,Verified,4,Mon-Wed,Mental Health Counsellor,07646 846 5010,Not Accepting,"I am an accredited mental health counsellor with experience in offering help with bipolar disorder and complex trauma. I work primarily using schema therapy. I specialise in creating a safe, non-judgmental space for clients to explore their concerns. I have experience supporting individuals through major life transitions."
45,Prefer not to say,Canada,No,Bob Jones,MSc Psychotherapy,Unverified,2,Mon-Wed,CBT Therapist,07267 573 7216,Not Accepting,"I am an accredited cbt therapist with experience in offering help with phobias and OCD. I work primarily using acceptance and commitment therapy (ACT). I specialise in creating a safe, non-judgmental space for clients to explore their concerns. I formerly worked in frontline mental health services."
40,Non-binary,UK,No,Bob Jones,PhD Clinical Psychology,Verified,0,Mon-Fri,Clinical Psychologist,07376 755 4598,Waitlist,"I am an accredited clinical psychologist with experience in offering help with bipolar disorder and eating disorders. I work primarily using person-centred therapy. I specialise in creating a safe, non-judgmental space for clients to explore their concerns. I formerly worked in frontline mental health services."
56,Prefer not to say,Online Only,No,Carol White,MA Psychology,Unverified,0,Mon-Fri,Psychodynamic Therapist,07801 432 1916,Accepting,"I am an accredited psychodynamic therapist with experience in offering help with bereavement and relationship issues. I work primarily using psychodynamic therapy. I specialise in creating a safe, non-judgmental space for clients to explore their concerns. I previously worked in addiction services."
36,Non-binary,Other,Yes,Alice Smith,MSc Psychotherapy,Unverified,0,Mon-Fri,Counsellor,07334 941 1525,Not Accepting,"I am an experienced counsellor with experience in offering help with life transitions and generational trauma. I work primarily using EMDR. I specialise in creating a safe, non-judgmental space for clients to explore their concerns. I previously worked in addiction services."
42,Female,Canada,No,Alice Smith,MA Counseling,Verified,1,Wed-Fri,Counsellor,07924 423 7572,Waitlist,"I am a qualified counsellor with experience in offering help with complex trauma and addiction and recovery. I work primarily using schema therapy. I specialise in creating a safe, non-judgmental space for clients to explore their concerns. I have worked extensively with both individuals and couples."
39,Non-binary,Other,Yes,David Brown,MA Counseling,Verified,5,Tue-Thu,EMDR Therapist,07374 167 4456,Not Accepting,"I am a qualified emdr therapist with experience in offering help with intercultural issues and life transitions. I work primarily using person-centred therapy. I specialise in creating a safe, non-judgmental space for clients to explore their concerns. I have a background in crisis intervention."
48,Female,India,No,Alice Smith,MSc Psychotherapy,Unverified,3,Mon-Wed,Counsellor,07680 997 6155,Waitlist,"I am an accredited counsellor with experience in offering help with bipolar disorder and self-esteem and confidence. I work primarily using schema therapy. I specialise in creating a safe, non-judgmental space for clients to explore their concerns. I previously worked in addiction services."
36,Non-binary,UK,Yes,Carol White,MA Psychology,Unverified,1,Wed-Fri,Psychodynamic Therapist,07317 771 9179,Not Accepting,"I am an accredited psychodynamic therapist with experience in offering help with grief and loss and phobias. I work primarily using psychodynamic therapy. I specialise in creating a safe, non-judgmental space for clients to explore their concerns. I trained at a leading London institution."
53,Male,Other,No,Carol White,MA Counseling,Verified,0,Wed-Fri,Psychodynamic Therapist,07505 758 8517,Not Accepting,"I am an accredited psychodynamic therapist with experience in offering help with bereavement and life transitions. I work primarily using person-centred therapy. I specialise in creating a safe, non-judgmental space for clients to explore their concerns. I have worked extensively with both individuals and couples."
46,Non-binary,Germany,Yes,Emma Wilson,MSc Psychotherapy,Verified,2,Mon-Fri,Art Therapist,07246 371 3287,Accepting,"I am an accredited art therapist with experience in offering help with depression and anxiety and relationship issues. I work primarily using cognitive behavioural therapy (CBT). I specialise in creating a safe, non-judgmental space for clients to explore their concerns. I previously worked with young people in educational settings."
39,Prefer not to say,Germany,No,Carol White,MA Counseling,Unverified,0,Tue-Thu,Mental Health Counsellor,07352 862 9830,Accepting,"I am an accredited mental health counsellor with experience in offering help with trauma and PTSD and OCD. I work primarily using psychodynamic therapy. I specialise in creating a safe, non-judgmental space for clients to explore their concerns. I have experience supporting individuals through major life transitions."
30,Female,Australia,No,Alice Smith,MSc Psychotherapy,Unverified,0,Mon-Wed,Psychotherapist,07369 864 8019,Accepting,"I am an accredited psychotherapist with experience in offering help with addiction and recovery and family conflict. I work primarily using person-centred therapy. I specialise in creating a safe, non-judgmental space for clients to explore their concerns. I have experience supporting individuals through major life transitions."
25,Female,India,Yes,David Brown,MA Psychology,Unverified,3,Wed-Fri,Family Therapist,07697 508 6930,Accepting,"I am a qualified family therapist with experience in offering help with bereavement and phobias. I work primarily using acceptance and commitment therapy (ACT). I specialise in creating a safe, non-judgmental space for clients to explore their concerns. I previously worked with young people in educational settings."
64,Female,Other,No,Emma Wilson,MA Psychology,Verified,0,Mon-Wed,Occupational Therapist,07324 241 9348,Accepting,"I am an experienced occupational therapist with experience in offering help with stress and burnout and intercultural issues. I work primarily using psychodynamic therapy. I specialise in creating a safe, non-judgmental space for clients to explore their concerns. I have worked in both NHS and private settings."
59,Male,UK,No,Alice Smith,PhD Clinical Psychology,Unverified,1,Wed-Fri,Counsellor,07605 193 1771,Accepting,"I am a qualified counsellor with experience in offering help with stress and burnout and bipolar disorder. I work primarily using solution-focused therapy. I specialise in creating a safe, non-judgmental space for clients to explore their concerns. I have experience working with diverse and multicultural populations."
43,Male,India,Yes,David Brown,MA Counseling,Verified,4,Mon-Wed,EMDR Therapist,07981 212 3504,Accepting,"I am an experienced emdr therapist with experience in offering help with trauma and PTSD and early childhood trauma. I work primarily using cognitive behavioural therapy (CBT). I specialise in creating a safe, non-judgmental space for clients to explore their concerns. I have experience working with diverse and multicultural populations."
49,Male,Online Only,Yes,Alice Smith,PhD Clinical Psychology,Verified,3,Mon-Fri,Counsellor,07742 263 7916,Not Accepting,"I am an accredited counsellor with experience in offering help with OCD and early childhood trauma. I work primarily using person-centred therapy. I specialise in creating a safe, non-judgmental space for clients to explore their concerns. I previously worked with young people in educational settings."
58,Non-binary,UK,Yes,Emma Wilson,MA Psychology,Verified,5,Mon-Fri,Occupational Therapist,07710 165 7304,Accepting,"I am an accredited occupational therapist with experience in offering help with life transitions and self-esteem and confidence. I work primarily using EMDR. I specialise in creating a safe, non-judgmental space for clients to explore their concerns. I have experience working with diverse and multicultural populations."
60,Non-binary,Online Only,Yes,Carol White,MSc Psychotherapy,Unverified,3,Tue-Thu,Mental Health Counsellor,07490 710 8668,Accepting,"I am a qualified mental health counsellor with experience in offering help with addiction and recovery and self-esteem and confidence. I work primarily using person-centred therapy. I specialise in creating a safe, non-judgmental space for clients to explore their concerns. I have worked in both NHS and private settings."
22,Non-binary,UK,Yes,Emma Wilson,MA Psychology,Unverified,3,Mon-Fri,Art Therapist,07641 357 1188,Accepting,"I am an accredited art therapist with experience in offering help with life transitions and early childhood trauma. I work primarily using cognitive behavioural therapy (CBT). I specialise in creating a safe, non-judgmental space for clients to explore their concerns. I have experience supporting individuals through major life transitions."
43,Non-binary,Germany,No,Carol White,MA Psychology,Verified,0,Wed-Fri,Psychodynamic Therapist,07796 838 2876,Accepting,"I am a qualified psychodynamic therapist with experience in offering help with relationship issues and grief and loss. I work primarily using EMDR. I specialise in creating a safe, non-judgmental space for clients to explore their concerns. I have experience working with diverse and multicultural populations."
45,Non-binary,Canada,Yes,Emma Wilson,MSc Psychotherapy,Verified,3,Wed-Fri,Art Therapist,07798 649 5371,Waitlist,"I am an accredited art therapist with experience in offering help with family conflict and intercultural issues. I work primarily using solution-focused therapy. I specialise in creating a safe, non-judgmental space for clients to explore their concerns. I formerly worked in frontline mental health services."
65,Non-binary,India,Yes,Bob Jones,PhD Clinical Psychology,Unverified,5,Wed-Fri,Clinical Psychologist,07887 756 6573,Not Accepting,"I am a qualified clinical psychologist with experience in offering help with personality disorders and depression and anxiety. I work primarily using solution-focused therapy. I specialise in creating a safe, non-judgmental space for clients to explore their concerns. I have a background in crisis intervention."
38,Prefer not to say,Canada,Yes,Alice Smith,MA Counseling,Unverified,3,Wed-Fri,Counsellor,07214 400 8123,Not Accepting,"I am an accredited counsellor with experience in offering help with eating disorders and stress and burnout. I work primarily using schema therapy. I specialise in creating a safe, non-judgmental space for clients to explore their concerns. I previously worked in addiction services."
65,Male,Online Only,No,Alice Smith,MA Psychology,Verified,1,Mon-Fri,Psychotherapist,07261 564 1053,Accepting,"I am an experienced psychotherapist with experience in offering help with intercultural issues and eating disorders. I work primarily using person-centred therapy. I specialise in creating a safe, non-judgmental space for clients to explore their concerns. I formerly worked in frontline mental health services."
54,Non-binary,UK,Yes,Bob Jones,MA Psychology,Unverified,2,Mon-Fri,Clinical Psychologist,07839 996 5315,Not Accepting,"I am an accredited clinical psychologist with experience in offering help with life transitions and trauma and PTSD. I work primarily using integrative therapy. I specialise in creating a safe, non-judgmental space for clients to explore their concerns. I formerly worked in frontline mental health services."
24,Prefer not to say,Online Only,Yes,Carol White,MA Counseling,Unverified,1,Tue-Thu,Mental Health Counsellor,07612 880 3927,Accepting,"I am an accredited mental health counsellor with experience in offering help with bereavement and family conflict. I work primarily using schema therapy. I specialise in creating a safe, non-judgmental space for clients to explore their concerns. I have experience supporting individuals through major life transitions."
50,Non-binary,Online Only,Yes,Alice Smith,MA Psychology,Unverified,1,Mon-Wed,Counsellor,07619 208 5889,Accepting,"I am an accredited counsellor with experience in offering help with trauma and PTSD and workplace issues. I work primarily using psychodynamic therapy. I specialise in creating a safe, non-judgmental space for clients to explore their concerns. I have over a decade of experience in private practice."
36,Male,Online Only,Yes,Bob Jones,MA Counseling,Unverified,2,Tue-Thu,Clinical Psychologist,07961 754 9317,Waitlist,"I am an accredited clinical psychologist with experience in offering help with phobias and relationship issues. I work primarily using person-centred therapy. I specialise in creating a safe, non-judgmental space for clients to explore their concerns. I have experience working with diverse and multicultural populations."
32,Prefer not to say,Australia,No,Alice Smith,MA Counseling,Verified,2,Mon-Wed,Counsellor,07723 303 3504,Not Accepting,"I am an accredited counsellor with experience in offering help with bereavement and grief and loss. I work primarily using dialectical behaviour therapy (DBT). I specialise in creating a safe, non-judgmental space for clients to explore their concerns. I have worked extensively with both individuals and couples."
21,Male,Online Only,No,David Brown,MA Counseling,Unverified,3,Mon-Fri,EMDR Therapist,07482 880 3646,Not Accepting,"I am an experienced emdr therapist with experience in offering help with phobias and relationship issues. I work primarily using solution-focused therapy. I specialise in creating a safe, non-judgmental space for clients to explore their concerns. I have worked extensively with both individuals and couples."
18,Female,Online Only,Yes,Carol White,MSc Psychotherapy,Unverified,1,Wed-Fri,Mental Health Counsellor,07652 897 9689,Not Accepting,"I am an experienced mental health counsellor with experience in offering help with workplace issues and OCD. I work primarily using mindfulness-based therapy. I specialise in creating a safe, non-judgmental space for clients to explore their concerns. I previously worked with young people in educational settings."
62,Female,Australia,No,David Brown,PhD Clinical Psychology,Verified,0,Tue-Thu,Family Therapist,07100 713 6310,Waitlist,"I am an accredited family therapist with experience in offering help with OCD and grief and loss. I work primarily using mindfulness-based therapy. I specialise in creating a safe, non-judgmental space for clients to explore their concerns. I have experience working with diverse and multicultural populations."
30,Prefer not to say,Other,Yes,Carol White,PhD Clinical Psychology,Verified,4,Tue-Thu,Psychodynamic Therapist,07600 119 2832,Not Accepting,"I am an accredited psychodynamic therapist with experience in offering help with eating disorders and self-esteem and confidence. I work primarily using integrative therapy. I specialise in creating a safe, non-judgmental space for clients to explore their concerns. I have worked in both NHS and private settings."
61,Prefer not to say,Online Only,Yes,Bob Jones,MSc Psychotherapy,Verified,4,Mon-Fri,CBT Therapist,07471 999 6038,Accepting,"I am an experienced cbt therapist with experience in offering help with self-esteem and confidence and bereavement. I work primarily using psychodynamic therapy. I specialise in creating a safe, non-judgmental space for clients to explore their concerns. I have worked in both NHS and private settings."
56,Male,India,Yes,Carol White,PhD Clinical Psychology,Unverified,4,Mon-Wed,Psychodynamic Therapist,07345 159 4946,Accepting,"I am a qualified psychodynamic therapist with experience in offering help with intercultural issues and workplace issues. I work primarily using mindfulness-based therapy. I specialise in creating a safe, non-judgmental space for clients to explore their concerns. I have over a decade of experience in private practice."
44,Non-binary,Australia,Yes,Carol White,PhD Clinical Psychology,Unverified,1,Tue-Thu,Psychodynamic Therapist,07999 680 2290,Accepting,"I am an accredited psychodynamic therapist with experience in offering help with relationship issues and grief and loss. I work primarily using integrative therapy. I specialise in creating a safe, non-judgmental space for clients to explore their concerns. I have a background in crisis intervention."
33,Non-binary,Germany,No,Bob Jones,PhD Clinical Psychology,Verified,5,Mon-Wed,Clinical Psychologist,07187 849 8962,Accepting,"I am an experienced clinical psychologist with experience in offering help with self-esteem and confidence and life transitions. I work primarily using mindfulness-based therapy. I specialise in creating a safe, non-judgmental space for clients to explore their concerns. I have worked extensively with both individuals and couples."
30,Prefer not to say,UK,No,Carol White,MA Psychology,Unverified,2,Tue-Thu,Mental Health Counsellor,07935 170 9727,Accepting,"I am an experienced mental health counsellor with experience in offering help with workplace issues and depression and anxiety. I work primarily using schema therapy. I specialise in creating a safe, non-judgmental space for clients to explore their concerns. I have a background in crisis intervention."
62,Male,Online Only,Yes,Alice Smith,MSc Psychotherapy,Unverified,3,Wed-Fri,Counsellor,07884 228 3103,Waitlist,"I am an accredited counsellor with experience in offering help with early childhood trauma and generational trauma. I work primarily using mindfulness-based therapy. I specialise in creating a safe, non-judgmental space for clients to explore their concerns. I have worked in both NHS and private settings."
38,Non-binary,Australia,Yes,Emma Wilson,PhD Clinical Psychology,Verified,3,Mon-Fri,Art Therapist,07775 586 3705,Waitlist,"I am an experienced art therapist with experience in offering help with life transitions and generational trauma. I work primarily using mindfulness-based therapy. I specialise in creating a safe, non-judgmental space for clients to explore their concerns. I have a background in crisis intervention."
55,Non-binary,Canada,Yes,Bob Jones,MSc Psychotherapy,Unverified,4,Mon-Wed,CBT Therapist,07371 640 7932,Accepting,"I am an experienced cbt therapist with experience in offering help with intercultural issues and OCD. I work primarily using person-centred therapy. I specialise in creating a safe, non-judgmental space for clients to explore their concerns. I have a background in crisis intervention."
30,Non-binary,Online Only,No,Emma Wilson,PhD Clinical Psychology,Unverified,3,Mon-Fri,Occupational Therapist,07316 652 4295,Not Accepting,"I am an experienced occupational therapist with experience in offering help with family conflict and addiction and recovery. I work primarily using cognitive behavioural therapy (CBT). I specialise in creating a safe, non-judgmental space for clients to explore their concerns. I have worked in both NHS and private settings."
47,Prefer not to say,Australia,Yes,Bob Jones,PhD Clinical Psychology,Verified,0,Mon-Fri,Clinical Psychologist,07830 419 7537,Accepting,"I am a qualified clinical psychologist with experience in offering help with stress and burnout and addiction and recovery. I work primarily using cognitive behavioural therapy (CBT). I specialise in creating a safe, non-judgmental space for clients to explore their concerns. I formerly worked in frontline mental health services."
28,Male,USA,Yes,Bob Jones,MSc Psychotherapy,Verified,0,Mon-Wed,CBT Therapist,07787 765 7118,Waitlist,"I am an experienced cbt therapist with experience in offering help with generational trauma and addiction and recovery. I work primarily using EMDR. I specialise in creating a safe, non-judgmental space for clients to explore their concerns. I previously worked in addiction services."
65,Female,Australia,No,David Brown,MA Counseling,Verified,2,Mon-Wed,Family Therapist,07548 629 8397,Accepting,"I am an accredited family therapist with experience in offering help with stress and burnout and life transitions. I work primarily using cognitive behavioural therapy (CBT). I specialise in creating a safe, non-judgmental space for clients to explore their concerns. I have worked in both NHS and private settings."
50,Female,Australia,Yes,David Brown,MSc Psychotherapy,Unverified,3,Tue-Thu,EMDR Therapist,07223 353 4681,Accepting,"I am an experienced emdr therapist with experience in offering help with generational trauma and life transitions. I work primarily using cognitive behavioural therapy (CBT). I specialise in creating a safe, non-judgmental space for clients to explore their concerns. I trained at a leading London institution."
22,Male,Other,No,Carol White,MA Counseling,Verified,1,Mon-Wed,Mental Health Counsellor,07165 446 1344,Accepting,"I am an accredited mental health counsellor with experience in offering help with life transitions and generational trauma. I work primarily using solution-focused therapy. I specialise in creating a safe, non-judgmental space for clients to explore their concerns. I have over a decade of experience in private practice."
28,Male,USA,Yes,Emma Wilson,MA Psychology,Unverified,3,Mon-Fri,Occupational Therapist,07702 667 4770,Not Accepting,"I am an accredited occupational therapist with experience in offering help with eating disorders and bipolar disorder. I work primarily using cognitive behavioural therapy (CBT). I specialise in creating a safe, non-judgmental space for clients to explore their concerns. I trained at a leading London institution."
37,Non-binary,India,Yes,Bob Jones,MSc Psychotherapy,Unverified,1,Mon-Fri,Clinical Psychologist,07702 325 1117,Accepting,"I am a qualified clinical psychologist with experience in offering help with grief and loss and early childhood trauma. I work primarily using integrative therapy. I specialise in creating a safe, non-judgmental space for clients to explore their concerns. I have experience supporting individuals through major life transitions."
44,Non-binary,Online Only,No,Carol White,MA Counseling,Unverified,5,Mon-Wed,Psychodynamic Therapist,07172 824 1964,Not Accepting,"I am an accredited psychodynamic therapist with experience in offering help with phobias and generational trauma. I work primarily using person-centred therapy. I specialise in creating a safe, non-judgmental space for clients to explore their concerns. I have over a decade of experience in private practice."
27,Non-binary,Other,No,Alice Smith,PhD Clinical Psychology,Unverified,4,Mon-Wed,Psychotherapist,07334 169 1514,Waitlist,"I am a qualified psychotherapist with experience in offering help with stress and burnout and depression and anxiety. I work primarily using EMDR. I specialise in creating a safe, non-judgmental space for clients to explore their concerns. I trained at a leading London institution."
44,Prefer not to say,Germany,Yes,Bob Jones,MA Psychology,Verified,1,Tue-Thu,Clinical Psychologist,07980 438 2160,Accepting,"I am a qualified clinical psychologist with experience in offering help with grief and loss and addiction and recovery. I work primarily using EMDR. I specialise in creating a safe, non-judgmental space for clients to explore their concerns. I have worked in both NHS and private settings."
25,Female,Germany,Yes,Alice Smith,MSc Psychotherapy,Verified,5,Tue-Thu,Psychotherapist,07626 343 5562,Accepting,"I am a qualified psychotherapist with experience in offering help with trauma and PTSD and family conflict. I work primarily using person-centred therapy. I specialise in creating a safe, non-judgmental space for clients to explore their concerns. I previously worked with young people in educational settings."
36,Female,USA,Yes,Carol White,MA Counseling,Verified,4,Tue-Thu,Psychodynamic Therapist,07785 597 4510,Waitlist,"I am an accredited psychodynamic therapist with experience in offering help with bipolar disorder and eating disorders. I work primarily using person-centred therapy. I specialise in creating a safe, non-judgmental space for clients to explore their concerns. I previously worked with young people in educational settings."
42,Non-binary,Germany,Yes,David Brown,MA Counseling,Unverified,0,Mon-Fri,EMDR Therapist,07652 235 8744,Not Accepting,"I am an accredited emdr therapist with experience in offering help with intercultural issues and personality disorders. I work primarily using integrative therapy. I specialise in creating a safe, non-judgmental space for clients to explore their concerns. I have a background in crisis intervention."
46,Female,USA,No,Carol White,MSc Psychotherapy,Unverified,3,Mon-Wed,Mental Health Counsellor,07348 903 8749,Accepting,"I am an experienced mental health counsellor with experience in offering help with addiction and recovery and bipolar disorder. I work primarily using schema therapy. I specialise in creating a safe, non-judgmental space for clients to explore their concerns. I have experience working with diverse and multicultural populations."
22,Non-binary,UK,No,Alice Smith,MA Counseling,Verified,5,Wed-Fri,Counsellor,07926 516 4119,Accepting,"I am a qualified counsellor with experience in offering help with life transitions and OCD. I work primarily using cognitive behavioural therapy (CBT). I specialise in creating a safe, non-judgmental space for clients to explore their concerns. I have worked in both NHS and private settings."
54,Female,Online Only,Yes,Bob Jones,MSc Psychotherapy,Verified,2,Mon-Wed,Clinical Psychologist,07196 199 8062,Accepting,"I am an accredited clinical psychologist with experience in offering help with complex trauma and bereavement. I work primarily using mindfulness-based therapy. I specialise in creating a safe, non-judgmental space for clients to explore their concerns. I formerly worked in frontline mental health services."
51,Prefer not to say,USA,No,Emma Wilson,MA Counseling,Verified,3,Mon-Wed,Art Therapist,07462 533 7735,Not Accepting,"I am a qualified art therapist with experience in offering help with phobias and stress and burnout. I work primarily using integrative therapy. I specialise in creating a safe, non-judgmental space for clients to explore their concerns. I trained at a leading London institution."
64,Prefer not to say,Australia,No,Carol White,PhD Clinical Psychology,Verified,4,Tue-Thu,Psychodynamic Therapist,07578 984 1887,Not Accepting,"I am an experienced psychodynamic therapist with experience in offering help with phobias and workplace issues. I work primarily using psychodynamic therapy. I specialise in creating a safe, non-judgmental space for clients to explore their concerns. I have experience working with diverse and multicultural populations."
58,Prefer not to say,UK,No,Bob Jones,MSc Psychotherapy,Verified,3,Wed-Fri,Clinical Psychologist,07789 769 2612,Accepting,"I am an accredited clinical psychologist with experience in offering help with intercultural issues and addiction and recovery. I work primarily using cognitive behavioural therapy (CBT). I specialise in creating a safe, non-judgmental space for clients to explore their concerns. I have experience working with diverse and multicultural populations."
53,Non-binary,USA,Yes,David Brown,MSc Psychotherapy,Verified,2,Mon-Wed,Family Therapist,07162 512 6559,Accepting,"I am a qualified family therapist with experience in offering help with workplace issues and life transitions. I work primarily using person-centred therapy. I specialise in creating a safe, non-judgmental space for clients to explore their concerns. I trained at a leading London institution."
31,Male,UK,Yes,David Brown,MA Psychology,Unverified,4,Wed-Fri,EMDR Therapist,07919 982 2790,Accepting,"I am an experienced emdr therapist with experience in offering help with relationship issues and OCD. I work primarily using dialectical behaviour therapy (DBT). I specialise in creating a safe, non-judgmental space for clients to explore their concerns. I trained at a leading London institution."
53,Male,USA,No,David Brown,PhD Clinical Psychology,Unverified,4,Wed-Fri,Family Therapist,07354 296 4116,Waitlist,"I am an experienced family therapist with experience in offering help with early childhood trauma and eating disorders. I work primarily using schema therapy. I specialise in creating a safe, non-judgmental space for clients to explore their concerns. I have a background in crisis intervention."
44,Male,Online Only,No,Bob Jones,MSc Psychotherapy,Verified,2,Mon-Wed,CBT Therapist,07649 559 3296,Not Accepting,"I am an experienced cbt therapist with experience in offering help with stress and burnout and OCD. I work primarily using solution-focused therapy. I specialise in creating a safe, non-judgmental space for clients to explore their concerns. I have a background in crisis intervention."
57,Female,India,No,Carol White,MA Counseling,Verified,3,Tue-Thu,Mental Health Counsellor,07532 287 5563,Waitlist,"I am an experienced mental health counsellor with experience in offering help with generational trauma and intercultural issues. I work primarily using solution-focused therapy. I specialise in creating a safe, non-judgmental space for clients to explore their concerns. I have experience working with diverse and multicultural populations."
32,Prefer not to say,Canada,Yes,Bob Jones,MA Counseling,Unverified,2,Tue-Thu,CBT Therapist,07573 355 2235,Waitlist,"I am an experienced cbt therapist with experience in offering help with complex trauma and bereavement. I work primarily using mindfulness-based therapy. I specialise in creating a safe, non-judgmental space for clients to explore their concerns. I have experience working with diverse and multicultural populations."
27,Prefer not to say,Online Only,Yes,Bob Jones,MA Counseling,Verified,1,Mon-Wed,Clinical Psychologist,07553 927 2604,Accepting,"I am a qualified clinical psychologist with experience in offering help with depression and anxiety and eating disorders. I work primarily using mindfulness-based therapy. I specialise in creating a safe, non-judgmental space for clients to explore their concerns. I previously worked with young people in educational settings."
28,Female,Other,Yes,Emma Wilson,MA Psychology,Unverified,0,Wed-Fri,Occupational Therapist,07151 767 9856,Not Accepting,"I am a qualified occupational therapist with experience in offering help with bereavement and OCD. I work primarily using acceptance and commitment therapy (ACT). I specialise in creating a safe, non-judgmental space for clients to explore their concerns. I previously worked in addiction services."
65,Male,Canada,Yes,Emma Wilson,MSc Psychotherapy,Verified,2,Wed-Fri,Occupational Therapist,07956 115 2528,Not Accepting,"I am an experienced occupational therapist with experience in offering help with intercultural issues and workplace issues. I work primarily using acceptance and commitment therapy (ACT). I specialise in creating a safe, non-judgmental space for clients to explore their concerns. I have over a decade of experience in private practice."
35,Female,USA,Yes,Carol White,MA Counseling,Unverified,4,Tue-Thu,Mental Health Counsellor,07871 969 4872,Not Accepting,"I am a qualified mental health counsellor with experience in offering help with relationship issues and eating disorders. I work primarily using schema therapy. I specialise in creating a safe, non-judgmental space for clients to explore their concerns. I have worked extensively with both individuals and couples."
28,Non-binary,Canada,No,Emma Wilson,MA Psychology,Verified,1,Tue-Thu,Art Therapist,07270 516 8956,Accepting,"I am an accredited art therapist with experience in offering help with relationship issues and grief and loss. I work primarily using mindfulness-based therapy. I specialise in creating a safe, non-judgmental space for clients to explore their concerns. I previously worked with young people in educational settings."
18,Non-binary,Germany,No,David Brown,MA Psychology,Unverified,0,Tue-Thu,EMDR Therapist,07592 318 7570,Not Accepting,"I am a qualified emdr therapist with experience in offering help with generational trauma and depression and anxiety. I work primarily using cognitive behavioural therapy (CBT). I specialise in creating a safe, non-judgmental space for clients to explore their concerns. I previously worked with young people in educational settings."
48,Prefer not to say,Online Only,Yes,Emma Wilson,MSc Psychotherapy,Unverified,2,Wed-Fri,Art Therapist,07160 268 7209,Accepting,"I am an experienced art therapist with experience in offering help with phobias and relationship issues. I work primarily using acceptance and commitment therapy (ACT). I specialise in creating a safe, non-judgmental space for clients to explore their concerns. I have experience working with diverse and multicultural populations."
42,Male,Canada,Yes,David Brown,MA Counseling,Verified,0,Wed-Fri,EMDR Therapist,07102 499 5345,Accepting,"I am a qualified emdr therapist with experience in offering help with bereavement and intercultural issues. I work primarily using solution-focused therapy. I specialise in creating a safe, non-judgmental space for clients to explore their concerns. I previously worked in addiction services."
45,Female,USA,No,Carol White,PhD Clinical Psychology,Unverified,3,Tue-Thu,Psychodynamic Therapist,07902 903 8454,Accepting,"I am a qualified psychodynamic therapist with experience in offering help with grief and loss and generational trauma. I work primarily using cognitive behavioural therapy (CBT). I specialise in creating a safe, non-judgmental space for clients to explore their concerns. I have worked in both NHS and private settings."
57,Non-binary,Other,No,Bob Jones,MA Counseling,Unverified,4,Tue-Thu,Clinical Psychologist,07392 533 8973,Waitlist,"I am an accredited clinical psychologist with experience in offering help with grief and loss and complex trauma. I work primarily using schema therapy. I specialise in creating a safe, non-judgmental space for clients to explore their concerns. I previously worked in addiction services."
64,Male,Canada,Yes,Bob Jones,PhD Clinical Psychology,Verified,2,Wed-Fri,CBT Therapist,07258 294 5861,Waitlist,"I am an accredited cbt therapist with experience in offering help with life transitions and grief and loss. I work primarily using psychodynamic therapy. I specialise in creating a safe, non-judgmental space for clients to explore their concerns. I previously worked in addiction services."
29,Female,USA,Yes,Emma Wilson,PhD Clinical Psychology,Unverified,4,Mon-Fri,Occupational Therapist,07322 159 9883,Accepting,"I am a qualified occupational therapist with experience in offering help with self-esteem and confidence and workplace issues. I work primarily using schema therapy. I specialise in creating a safe, non-judgmental space for clients to explore their concerns. I have worked extensively with both individuals and couples."
54,Prefer not to say,India,No,David Brown,MA Counseling,Unverified,1,Wed-Fri,Family Therapist,07162 865 6138,Not Accepting,"I am a qualified family therapist with experience in offering help with self-esteem and confidence and workplace issues. I work primarily using solution-focused therapy. I specialise in creating a safe, non-judgmental space for clients to explore their concerns. I have experience supporting individuals through major life transitions."
20,Male,UK,No,Alice Smith,PhD Clinical Psychology,Verified,1,Mon-Wed,Counsellor,07158 151 8811,Accepting,"I am an accredited counsellor with experience in offering help with complex trauma and family conflict. I work primarily using acceptance and commitment therapy (ACT). I specialise in creating a safe, non-judgmental space for clients to explore their concerns. I have a background in crisis intervention."
36,Male,India,No,Alice Smith,MA Psychology,Verified,0,Mon-Wed,Psychotherapist,07614 973 9701,Waitlist,"I am a qualified psychotherapist with experience in offering help with addiction and recovery and workplace issues. I work primarily using acceptance and commitment therapy (ACT). I specialise in creating a safe, non-judgmental space for clients to explore their concerns. I previously worked with young people in educational settings."
21,Non-binary,Germany,No,Alice Smith,MA Psychology,Verified,1,Wed-Fri,Counsellor,07261 158 9320,Waitlist,"I am a qualified counsellor with experience in offering help with self-esteem and confidence and relationship issues. I work primarily using mindfulness-based therapy. I specialise in creating a safe, non-judgmental space for clients to explore their concerns. I previously worked with young people in educational settings."
26,Male,Canada,No,Bob Jones,MA Counseling,Verified,5,Mon-Wed,CBT Therapist,07182 971 4044,Accepting,"I am an accredited cbt therapist with experience in offering help with OCD and phobias. I work primarily using schema therapy. I specialise in creating a safe, non-judgmental space for clients to explore their concerns. I have worked in both NHS and private settings."
43,Prefer not to say,Australia,No,Bob Jones,MSc Psychotherapy,Unverified,1,Mon-Fri,CBT Therapist,07170 709 2113,Not Accepting,"I am an experienced cbt therapist with experience in offering help with generational trauma and grief and loss. I work primarily using solution-focused therapy. I specialise in creating a safe, non-judgmental space for clients to explore their concerns. I have over a decade of experience in private practice."
22,Non-binary,India,Yes,David Brown,MA Psychology,Unverified,2,Mon-Fri,EMDR Therapist,07791 982 4853,Not Accepting,"I am a qualified emdr therapist with experience in offering help with intercultural issues and relationship issues. I work primarily using solution-focused therapy. I specialise in creating a safe, non-judgmental space for clients to explore their concerns. I have experience working with diverse and multicultural populations."
46,Female,USA,No,Emma Wilson,MA Counseling,Verified,4,Mon-Fri,Art Therapist,07513 222 5033,Accepting,"I am an accredited art therapist with experience in offering help with life transitions and self-esteem and confidence. I work primarily using solution-focused therapy. I specialise in creating a safe, non-judgmental space for clients to explore their concerns. I formerly worked in frontline mental health services."
39,Female,Other,No,Alice Smith,PhD Clinical Psychology,Verified,5,Mon-Wed,Counsellor,07692 708 1651,Not Accepting,"I am an experienced counsellor with experience in offering help with stress and burnout and personality disorders. I work primarily using dialectical behaviour therapy (DBT). I specialise in creating a safe, non-judgmental space for clients to explore their concerns. I formerly worked in frontline mental health services."
55,Non-binary,USA,No,David Brown,MA Psychology,Verified,0,Tue-Thu,EMDR Therapist,07734 183 7868,Not Accepting,"I am a qualified emdr therapist with experience in offering help with personality disorders and family conflict. I work primarily using cognitive behavioural therapy (CBT). I specialise in creating a safe, non-judgmental space for clients to explore their concerns. I trained at a leading London institution."
57,Prefer not to say,India,Yes,David Brown,MA Counseling,Unverified,1,Mon-Fri,EMDR Therapist,07773 697 9565,Not Accepting,"I am an experienced emdr therapist with experience in offering help with personality disorders and stress and burnout. I work primarily using schema therapy. I specialise in creating a safe, non-judgmental space for clients to explore their concerns. I have experience supporting individuals through major life transitions."
21,Prefer not to say,Australia,No,Emma Wilson,MA Counseling,Verified,4,Mon-Fri,Art Therapist,07423 367 4346,Not Accepting,"I am a qualified art therapist with experience in offering help with grief and loss and family conflict. I work primarily using person-centred therapy. I specialise in creating a safe, non-judgmental space for clients to explore their concerns. I have a background in crisis intervention."
50,Prefer not to say,Online Only,Yes,David Brown,MSc Psychotherapy,Unverified,3,Tue-Thu,Family Therapist,07785 833 6147,Accepting,"I am an experienced family therapist with experience in offering help with family conflict and depression and anxiety. I work primarily using solution-focused therapy. I specialise in creating a safe, non-judgmental space for clients to explore their concerns. I trained at a leading London institution."
63,Non-binary,Australia,Yes,Emma Wilson,PhD Clinical Psychology,Unverified,2,Wed-Fri,Occupational Therapist,07344 371 7484,Accepting,"I am an experienced occupational therapist with experience in offering help with personality disorders and complex trauma. I work primarily using acceptance and commitment therapy (ACT). I specialise in creating a safe, non-judgmental space for clients to explore their concerns. I have over a decade of experience in private practice."
25,Male,Online Only,Yes,Carol White,PhD Clinical Psychology,Verified,1,Tue-Thu,Mental Health Counsellor,07234 787 5915,Accepting,"I am an experienced mental health counsellor with experience in offering help with life transitions and depression and anxiety. I work primarily using solution-focused therapy. I specialise in creating a safe, non-judgmental space for clients to explore their concerns. I have worked extensively with both individuals and couples."
64,Prefer not to say,Other,No,Emma Wilson,PhD Clinical Psychology,Verified,1,Wed-Fri,Occupational Therapist,07568 423 2188,Waitlist,"I am a qualified occupational therapist with experience in offering help with depression and anxiety and relationship issues. I work primarily using solution-focused therapy. I specialise in creating a safe, non-judgmental space for clients to explore their concerns. I have over a decade of experience in private practice."
27,Prefer not to say,Online Only,No,Alice Smith,MA Counseling,Unverified,1,Wed-Fri,Psychotherapist,07109 569 2638,Waitlist,"I am a qualified psychotherapist with experience in offering help with complex trauma and trauma and PTSD. I work primarily using mindfulness-based therapy. I specialise in creating a safe, non-judgmental space for clients to explore their concerns. I have experience working with diverse and multicultural populations."
34,Prefer not to say,Canada,No,Alice Smith,MA Counseling,Unverified,4,Tue-Thu,Counsellor,07175 650 4492,Waitlist,"I am a qualified counsellor with experience in offering help with intercultural issues and self-esteem and confidence. I work primarily using integrative therapy. I specialise in creating a safe, non-judgmental space for clients to explore their concerns. I trained at a leading London institution."
56,Prefer not to say,Australia,No,Emma Wilson,PhD Clinical Psychology,Unverified,2,Mon-Fri,Occupational Therapist,07618 371 3170,Accepting,"I am a qualified occupational therapist with experience in offering help with addiction and recovery and stress and burnout. I work primarily using mindfulness-based therapy. I specialise in creating a safe, non-judgmental space for clients to explore their concerns. I have worked in both NHS and private settings."
64,Female,Australia,No,Carol White,MA Counseling,Unverified,5,Wed-Fri,Mental Health Counsellor,07457 170 5002,Accepting,"I am an accredited mental health counsellor with experience in offering help with depression and anxiety and life transitions. I work primarily using cognitive behavioural therapy (CBT). I specialise in creating a safe, non-judgmental space for clients to explore their concerns. I trained at a leading London institution."
55,Prefer not to say,UK,Yes,Carol White,MSc Psychotherapy,Unverified,5,Tue-Thu,Psychodynamic Therapist,07478 391 3584,Waitlist,"I am an accredited psychodynamic therapist with experience in offering help with relationship issues and trauma and PTSD. I work primarily using cognitive behavioural therapy (CBT). I specialise in creating a safe, non-judgmental space for clients to explore their concerns. I previously worked with young people in educational settings."
38,Non-binary,Australia,No,Alice Smith,MA Counseling,Unverified,2,Mon-Fri,Counsellor,07548 953 9900,Waitlist,"I am a qualified counsellor with experience in offering help with depression and anxiety and generational trauma. I work primarily using person-centred therapy. I specialise in creating a safe, non-judgmental space for clients to explore their concerns. I have over a decade of experience in private practice."
48,Male,USA,Yes,Carol White,MA Counseling,Verified,4,Wed-Fri,Mental Health Counsellor,07820 409 9666,Accepting,"I am an experienced mental health counsellor with experience in offering help with early childhood trauma and bereavement. I work primarily using person-centred therapy. I specialise in creating a safe, non-judgmental space for clients to explore their concerns. I previously worked in addiction services."
38,Female,UK,Yes,David Brown,MA Psychology,Verified,0,Mon-Wed,EMDR Therapist,07108 783 5905,Accepting,"I am an experienced emdr therapist with experience in offering help with addiction and recovery and bipolar disorder. I work primarily using EMDR. I specialise in creating a safe, non-judgmental space for clients to explore their concerns. I have worked extensively with both individuals and couples."
50,Non-binary,Germany,Yes,Bob Jones,MSc Psychotherapy,Unverified,5,Mon-Fri,CBT Therapist,07779 206 3200,Accepting,"I am an experienced cbt therapist with experience in offering help with early childhood trauma and complex trauma. I work primarily using mindfulness-based therapy. I specialise in creating a safe, non-judgmental space for clients to explore their concerns. I have worked in both NHS and private settings."
61,Prefer not to say,Australia,No,David Brown,MA Psychology,Verified,5,Tue-Thu,Family Therapist,07370 218 2753,Not Accepting,"I am a qualified family therapist with experience in offering help with depression and anxiety and eating disorders. I work primarily using dialectical behaviour therapy (DBT). I specialise in creating a safe, non-judgmental space for clients to explore their concerns. I have experience working with diverse and multicultural populations."
36,Male,Germany,No,Alice Smith,PhD Clinical Psychology,Verified,2,Mon-Wed,Psychotherapist,07860 666 3546,Not Accepting,"I am an accredited psychotherapist with experience in offering help with intercultural issues and relationship issues. I work primarily using dialectical behaviour therapy (DBT). I specialise in creating a safe, non-judgmental space for clients to explore their concerns. I previously worked with young people in educational settings."
47,Prefer not to say,India,No,Carol White,PhD Clinical Psychology,Unverified,4,Tue-Thu,Mental Health Counsellor,07378 388 4450,Accepting,"I am a qualified mental health counsellor with experience in offering help with eating disorders and early childhood trauma. I work primarily using dialectical behaviour therapy (DBT). I specialise in creating a safe, non-judgmental space for clients to explore their concerns. I formerly worked in frontline mental health services."
56,Prefer not to say,India,No,Emma Wilson,MSc Psychotherapy,Verified,4,Wed-Fri,Occupational Therapist,07834 451 4335,Accepting,"I am an experienced occupational therapist with experience in offering help with life transitions and stress and burnout. I work primarily using integrative therapy. I specialise in creating a safe, non-judgmental space for clients to explore their concerns. I have worked in both NHS and private settings."
56,Male,USA,No,Bob Jones,MA Counseling,Verified,1,Mon-Fri,CBT Therapist,07803 749 5325,Not Accepting,"I am an accredited cbt therapist with experience in offering help with OCD and depression and anxiety. I work primarily using solution-focused therapy. I specialise in creating a safe, non-judgmental space for clients to explore their concerns. I previously worked in addiction services."
22,Non-binary,Online Only,Yes,Emma Wilson,MA Psychology,Verified,4,Mon-Wed,Occupational Therapist,07617 600 5114,Accepting,"I am a qualified occupational therapist with experience in offering help with stress and burnout and bipolar disorder. I work primarily using acceptance and commitment therapy (ACT). I specialise in creating a safe, non-judgmental space for clients to explore their concerns. I have over a decade of experience in private practice."
59,Non-binary,Germany,No,Alice Smith,MSc Psychotherapy,Verified,1,Mon-Wed,Counsellor,07966 152 2512,Waitlist,"I am an experienced counsellor with experience in offering help with complex trauma and workplace issues. I work primarily using mindfulness-based therapy. I specialise in creating a safe, non-judgmental space for clients to explore their concerns. I have worked extensively with both individuals and couples."
45,Female,Germany,Yes,Carol White,MA Psychology,Unverified,3,Mon-Wed,Mental Health Counsellor,07749 533 5533,Accepting,"I am a qualified mental health counsellor with experience in offering help with family conflict and self-esteem and confidence. I work primarily using solution-focused therapy. I specialise in creating a safe, non-judgmental space for clients to explore their concerns. I have worked extensively with both individuals and couples."
20,Prefer not to say,Online Only,Yes,Emma Wilson,MA Counseling,Unverified,4,Wed-Fri,Occupational Therapist,07145 103 6464,Accepting,"I am a qualified occupational therapist with experience in offering help with OCD and grief and loss. I work primarily using psychodynamic therapy. I specialise in creating a safe, non-judgmental space for clients to explore their concerns. I have a background in crisis intervention."
36,Male,Canada,Yes,Emma Wilson,MA Psychology,Unverified,2,Mon-Fri,Art Therapist,07889 233 5291,Not Accepting,"I am an experienced art therapist with experience in offering help with grief and loss and self-esteem and confidence. I work primarily using dialectical behaviour therapy (DBT). I specialise in creating a safe, non-judgmental space for clients to explore their concerns. I have worked extensively with both individuals and couples."
25,Prefer not to say,Online Only,No,Bob Jones,MSc Psychotherapy,Unverified,1,Mon-Fri,Clinical Psychologist,07265 859 8239,Not Accepting,"I am a qualified clinical psychologist with experience in offering help with personality disorders and OCD. I work primarily using cognitive behavioural therapy (CBT). I specialise in creating a safe, non-judgmental space for clients to explore their concerns. I previously worked in addiction services."
54,Female,Canada,Yes,Bob Jones,MA Counseling,Verified,3,Wed-Fri,CBT Therapist,07664 822 8007,Accepting,"I am a qualified cbt therapist with experience in offering help with complex trauma and family conflict. I work primarily using person-centred therapy. I specialise in creating a safe, non-judgmental space for clients to explore their concerns. I trained at a leading London institution."
65,Female,Australia,Yes,Carol White,MA Counseling,Verified,0,Tue-Thu,Psychodynamic Therapist,07674 109 2832,Accepting,"I am an experienced psychodynamic therapist with experience in offering help with OCD and addiction and recovery. I work primarily using dialectical behaviour therapy (DBT). I specialise in creating a safe, non-judgmental space for clients to explore their concerns. I have a background in crisis intervention."
48,Male,Australia,No,Bob Jones,MSc Psychotherapy,Unverified,0,Mon-Wed,CBT Therapist,07177 807 3442,Waitlist,"I am an accredited cbt therapist with experience in offering help with depression and anxiety and workplace issues. I work primarily using person-centred therapy. I specialise in creating a safe, non-judgmental space for clients to explore their concerns. I have worked in both NHS and private settings."
47,Male,Australia,No,Emma Wilson,MA Counseling,Unverified,0,Tue-Thu,Occupational Therapist,07658 136 7049,Not Accepting,"I am an experienced occupational therapist with experience in offering help with stress and burnout and family conflict. I work primarily using schema therapy. I specialise in creating a safe, non-judgmental space for clients to explore their concerns. I previously worked with young people in educational settings."
52,Prefer not to say,Other,No,Emma Wilson,MA Psychology,Verified,1,Wed-Fri,Occupational Therapist,07696 665 3426,Accepting,"I am an accredited occupational therapist with experience in offering help with family conflict and phobias. I work primarily using acceptance and commitment therapy (ACT). I specialise in creating a safe, non-judgmental space for clients to explore their concerns. I formerly worked in frontline mental health services."
53,Female,Australia,No,Alice Smith,PhD Clinical Psychology,Unverified,4,Tue-Thu,Psychotherapist,07540 230 1685,Not Accepting,"I am a qualified psychotherapist with experience in offering help with eating disorders and grief and loss. I work primarily using solution-focused therapy. I specialise in creating a safe, non-judgmental space for clients to explore their concerns. I previously worked with young people in educational settings."
29,Non-binary,Germany,No,Emma Wilson,MSc Psychotherapy,Verified,1,Tue-Thu,Art Therapist,07415 473 1653,Accepting,"I am an experienced art therapist with experience in offering help with bereavement and bipolar disorder. I work primarily using acceptance and commitment therapy (ACT). I specialise in creating a safe, non-judgmental space for clients to explore their concerns. I have experience supporting individuals through major life transitions."
24,Male,India,Yes,Carol White,MA Psychology,Verified,0,Wed-Fri,Psychodynamic Therapist,07466 315 5088,Accepting,"I am a qualified psychodynamic therapist with experience in offering help with bipolar disorder and stress and burnout. I work primarily using schema therapy. I specialise in creating a safe, non-judgmental space for clients to explore their concerns. I trained at a leading London institution."
57,Male,Australia,Yes,David Brown,MA Counseling,Verified,4,Mon-Wed,Family Therapist,07782 205 6794,Accepting,"I am an accredited family therapist with experience in offering help with self-esteem and confidence and addiction and recovery. I work primarily using mindfulness-based therapy. I specialise in creating a safe, non-judgmental space for clients to explore their concerns. I have a background in crisis intervention."
38,Prefer not to say,USA,No,Alice Smith,PhD Clinical Psychology,Unverified,3,Tue-Thu,Psychotherapist,07898 673 7658,Not Accepting,"I am an experienced psychotherapist with experience in offering help with early childhood trauma and intercultural issues. I work primarily using integrative therapy. I specialise in creating a safe, non-judgmental space for clients to explore their concerns. I have worked in both NHS and private settings."
19,Male,USA,No,Alice Smith,MA Psychology,Verified,0,Mon-Fri,Counsellor,07735 867 3532,Accepting,"I am an experienced counsellor with experience in offering help with life transitions and complex trauma. I work primarily using person-centred therapy. I specialise in creating a safe, non-judgmental space for clients to explore their concerns. I previously worked with young people in educational settings."
43,Female,Online Only,Yes,Carol White,MSc Psychotherapy,Verified,2,Tue-Thu,Psychodynamic Therapist,07342 985 3662,Accepting,"I am an experienced psychodynamic therapist with experience in offering help with family conflict and addiction and recovery. I work primarily using dialectical behaviour therapy (DBT). I specialise in creating a safe, non-judgmental space for clients to explore their concerns. I have experience supporting individuals through major life transitions."
56,Prefer not to say,UK,No,Carol White,MA Counseling,Verified,4,Tue-Thu,Mental Health Counsellor,07919 930 3900,Accepting,"I am an accredited mental health counsellor with experience in offering help with eating disorders and early childhood trauma. I work primarily using person-centred therapy. I specialise in creating a safe, non-judgmental space for clients to explore their concerns. I have a background in crisis intervention."
30,Prefer not to say,Canada,Yes,Bob Jones,MSc Psychotherapy,Verified,1,Mon-Fri,Clinical Psychologist,07522 125 3938,Not Accepting,"I am an experienced clinical psychologist with experience in offering help with bipolar disorder and complex trauma. I work primarily using mindfulness-based therapy. I specialise in creating a safe, non-judgmental space for clients to explore their concerns. I formerly worked in frontline mental health services."
28,Prefer not to say,India,No,Alice Smith,MA Psychology,Verified,1,Mon-Wed,Psychotherapist,07854 440 7745,Accepting,"I am an accredited psychotherapist with experience in offering help with life transitions and generational trauma. I work primarily using mindfulness-based therapy. I specialise in creating a safe, non-judgmental space for clients to explore their concerns. I formerly worked in frontline mental health services."
61,Male,Germany,Yes,Bob Jones,PhD Clinical Psychology,Verified,2,Mon-Fri,Clinical Psychologist,07921 785 5065,Waitlist,"I am an accredited clinical psychologist with experience in offering help with life transitions and eating disorders. I work primarily using EMDR. I specialise in creating a safe, non-judgmental space for clients to explore their concerns. I previously worked in addiction services."
24,Male,Germany,Yes,Emma Wilson,MA Psychology,Unverified,5,Mon-Wed,Art Therapist,07373 263 2771,Waitlist,"I am a qualified art therapist with experience in offering help with depression and anxiety and bereavement. I work primarily using mindfulness-based therapy. I specialise in creating a safe, non-judgmental space for clients to explore their concerns. I previously worked in addiction services."
51,Prefer not to say,Online Only,No,Alice Smith,MA Psychology,Verified,1,Wed-Fri,Counsellor,07491 993 1634,Accepting,"I am a qualified counsellor with experience in offering help with self-esteem and confidence and OCD. I work primarily using EMDR. I specialise in creating a safe, non-judgmental space for clients to explore their concerns. I formerly worked in frontline mental health services."
38,Non-binary,India,Yes,Alice Smith,MA Counseling,Verified,2,Wed-Fri,Counsellor,07979 581 4644,Accepting,"I am a qualified counsellor with experience in offering help with family conflict and early childhood trauma. I work primarily using psychodynamic therapy. I specialise in creating a safe, non-judgmental space for clients to explore their concerns. I have experience working with diverse and multicultural populations."
23,Female,Other,Yes,David Brown,MSc Psychotherapy,Verified,0,Tue-Thu,Family Therapist,07304 936 8541,Not Accepting,"I am an accredited family therapist with experience in offering help with relationship issues and bereavement. I work primarily using cognitive behavioural therapy (CBT). I specialise in creating a safe, non-judgmental space for clients to explore their concerns. I have over a decade of experience in private practice."
44,Non-binary,UK,Yes,Alice Smith,MA Psychology,Unverified,0,Tue-Thu,Counsellor,07458 412 4728,Accepting,"I am an accredited counsellor with experience in offering help with bereavement and eating disorders. I work primarily using psychodynamic therapy. I specialise in creating a safe, non-judgmental space for clients to explore their concerns. I previously worked with young people in educational settings."
22,Prefer not to say,Online Only,No,Emma Wilson,MA Psychology,Unverified,1,Wed-Fri,Occupational Therapist,07328 124 4164,Accepting,"I am an experienced occupational therapist with experience in offering help with life transitions and stress and burnout. I work primarily using dialectical behaviour therapy (DBT). I specialise in creating a safe, non-judgmental space for clients to explore their concerns. I have worked extensively with both individuals and couples."
27,Prefer not to say,Canada,Yes,Bob Jones,PhD Clinical Psychology,Verified,4,Mon-Fri,CBT Therapist,07508 436 5564,Waitlist,"I am a qualified cbt therapist with experience in offering help with grief and loss and workplace issues. I work primarily using solution-focused therapy. I specialise in creating a safe, non-judgmental space for clients to explore their concerns. I previously worked in addiction services."
30,Female,India,No,Bob Jones,PhD Clinical Psychology,Verified,5,Wed-Fri,CBT Therapist,07985 171 5573,Not Accepting,"I am an experienced cbt therapist with experience in offering help with eating disorders and bereavement. I work primarily using solution-focused therapy. I specialise in creating a safe, non-judgmental space for clients to explore their concerns. I have a background in crisis intervention."
47,Female,Online Only,No,David Brown,MSc Psychotherapy,Verified,1,Mon-Wed,Family Therapist,07459 756 9346,Accepting,"I am an accredited family therapist with experience in offering help with phobias and trauma and PTSD. I work primarily using dialectical behaviour therapy (DBT). I specialise in creating a safe, non-judgmental space for clients to explore their concerns. I have worked in both NHS and private settings."
51,Non-binary,Canada,No,Emma Wilson,MSc Psychotherapy,Verified,0,Tue-Thu,Occupational Therapist,07509 795 9785,Not Accepting,"I am an accredited occupational therapist with experience in offering help with intercultural issues and addiction and recovery. I work primarily using psychodynamic therapy. I specialise in creating a safe, non-judgmental space for clients to explore their concerns. I have over a decade of experience in private practice."
49,Female,Germany,No,Bob Jones,MA Counseling,Unverified,4,Mon-Fri,CBT Therapist,07439 128 2889,Waitlist,"I am an accredited cbt therapist with experience in offering help with complex trauma and life transitions. I work primarily using psychodynamic therapy. I specialise in creating a safe, non-judgmental space for clients to explore their concerns. I have over a decade of experience in private practice."
47,Non-binary,India,No,Carol White,MSc Psychotherapy,Verified,2,Tue-Thu,Mental Health Counsellor,07998 367 3925,Accepting,"I am a qualified mental health counsellor with experience in offering help with stress and burnout and self-esteem and confidence. I work primarily using dialectical behaviour therapy (DBT). I specialise in creating a safe, non-judgmental space for clients to explore their concerns. I previously worked in addiction services."
61,Non-binary,Online Only,No,Emma Wilson,PhD Clinical Psychology,Unverified,0,Wed-Fri,Occupational Therapist,07694 371 1626,Accepting,"I am an experienced occupational therapist with experience in offering help with trauma and PTSD and grief and loss. I work primarily using mindfulness-based therapy. I specialise in creating a safe, non-judgmental space for clients to explore their concerns. I have a background in crisis intervention."
28,Male,Online Only,Yes,Emma Wilson,MSc Psychotherapy,Unverified,2,Mon-Fri,Art Therapist,07211 710 8119,Accepting,"I am an experienced art therapist with experience in offering help with self-esteem and confidence and relationship issues. I work primarily using person-centred therapy. I specialise in creating a safe, non-judgmental space for clients to explore their concerns. I have a background in crisis intervention."
48,Female,India,No,David Brown,MA Psychology,Verified,5,Wed-Fri,EMDR Therapist,07453 846 6139,Accepting,"I am an experienced emdr therapist with experience in offering help with bereavement and intercultural issues. I work primarily using solution-focused therapy. I specialise in creating a safe, non-judgmental space for clients to explore their concerns. I have worked in both NHS and private settings."
49,Male,Other,Yes,Bob Jones,MSc Psychotherapy,Unverified,5,Mon-Wed,Clinical Psychologist,07546 720 9379,Accepting,"I am an accredited clinical psychologist with experience in offering help with grief and loss and generational trauma. I work primarily using mindfulness-based therapy. I specialise in creating a safe, non-judgmental space for clients to explore their concerns. I have over a decade of experience in private practice."
26,Male,India,No,Emma Wilson,MSc Psychotherapy,Verified,3,Wed-Fri,Occupational Therapist,07218 494 4114,Not Accepting,"I am an experienced occupational therapist with experience in offering help with trauma and PTSD and complex trauma. I work primarily using mindfulness-based therapy. I specialise in creating a safe, non-judgmental space for clients to explore their concerns. I have worked extensively with both individuals and couples."
65,Male,Online Only,Yes,Bob Jones,MA Counseling,Verified,4,Mon-Fri,Clinical Psychologist,07360 145 8144,Not Accepting,"I am a qualified clinical psychologist with experience in offering help with bereavement and eating disorders. I work primarily using acceptance and commitment therapy (ACT). I specialise in creating a safe, non-judgmental space for clients to explore their concerns. I have worked in both NHS and private settings."
27,Male,Online Only,Yes,Carol White,MA Psychology,Unverified,0,Wed-Fri,Mental Health Counsellor,07101 632 9821,Waitlist,"I am an experienced mental health counsellor with experience in offering help with eating disorders and personality disorders. I work primarily using mindfulness-based therapy. I specialise in creating a safe, non-judgmental space for clients to explore their concerns. I have experience supporting individuals through major life transitions."
61,Non-binary,India,Yes,David Brown,MA Counseling,Unverified,2,Tue-Thu,EMDR Therapist,07803 836 4228,Accepting,"I am an accredited emdr therapist with experience in offering help with family conflict and self-esteem and confidence. I work primarily using psychodynamic therapy. I specialise in creating a safe, non-judgmental space for clients to explore their concerns. I have worked extensively with both individuals and couples."
56,Male,Germany,Yes,Carol White,PhD Clinical Psychology,Unverified,2,Tue-Thu,Psychodynamic Therapist,07472 541 2146,Accepting,"I am an accredited psychodynamic therapist with experience in offering help with stress and burnout and OCD. I work primarily using dialectical behaviour therapy (DBT). I specialise in creating a safe, non-judgmental space for clients to explore their concerns. I have a background in crisis intervention."
40,Non-binary,Australia,Yes,David Brown,MSc Psychotherapy,Verified,2,Mon-Fri,Family Therapist,07780 438 6143,Accepting,"I am an accredited family therapist with experience in offering help with relationship issues and grief and loss. I work primarily using dialectical behaviour therapy (DBT). I specialise in creating a safe, non-judgmental space for clients to explore their concerns. I have worked extensively with both individuals and couples."
46,Non-binary,Other,No,Emma Wilson,MSc Psychotherapy,Verified,1,Tue-Thu,Occupational Therapist,07779 968 3041,Waitlist,"I am a qualified occupational therapist with experience in offering help with addiction and recovery and bereavement. I work primarily using cognitive behavioural therapy (CBT). I specialise in creating a safe, non-judgmental space for clients to explore their concerns. I have over a decade of experience in private practice."
56,Male,Online Only,Yes,David Brown,PhD Clinical Psychology,Unverified,1,Mon-Wed,Family Therapist,07837 407 9308,Accepting,"I am an experienced family therapist with experience in offering help with workplace issues and self-esteem and confidence. I work primarily using mindfulness-based therapy. I specialise in creating a safe, non-judgmental space for clients to explore their concerns. I have over a decade of experience in private practice."
65,Female,Australia,Yes,Alice Smith,MA Counseling,Unverified,5,Mon-Wed,Counsellor,07416 782 7691,Accepting,"I am a qualified counsellor with experience in offering help with stress and burnout and family conflict. I work primarily using psychodynamic therapy. I specialise in creating a safe, non-judgmental space for clients to explore their concerns. I previously worked in addiction services."
45,Non-binary,USA,Yes,Bob Jones,MA Psychology,Verified,3,Mon-Fri,Clinical Psychologist,07434 512 5844,Accepting,"I am an accredited clinical psychologist with experience in offering help with stress and burnout and OCD. I work primarily using integrative therapy. I specialise in creating a safe, non-judgmental space for clients to explore their concerns. I have worked in both NHS and private settings."
62,Female,Australia,No,Bob Jones,MA Counseling,Unverified,5,Wed-Fri,Clinical Psychologist,07667 230 4143,Accepting,"I am an experienced clinical psychologist with experience in offering help with OCD and stress and burnout. I work primarily using acceptance and commitment therapy (ACT). I specialise in creating a safe, non-judgmental space for clients to explore their concerns. I have a background in crisis intervention."
30,Prefer not to say,USA,No,Alice Smith,MA Counseling,Unverified,3,Tue-Thu,Counsellor,07530 780 7211,Accepting,"I am an accredited counsellor with experience in offering help with personality disorders and life transitions. I work primarily using cognitive behavioural therapy (CBT). I specialise in creating a safe, non-judgmental space for clients to explore their concerns. I previously worked in addiction services."
22,Male,Canada,Yes,Carol White,MA Psychology,Unverified,5,Tue-Thu,Psychodynamic Therapist,07793 866 3851,Accepting,"I am a qualified psychodynamic therapist with experience in offering help with OCD and addiction and recovery. I work primarily using integrative therapy. I specialise in creating a safe, non-judgmental space for clients to explore their concerns. I have worked in both NHS and private settings."
62,Female,India,Yes,Alice Smith,MSc Psychotherapy,Unverified,2,Wed-Fri,Psychotherapist,07730 682 5930,Waitlist,"I am a qualified psychotherapist with experience in offering help with workplace issues and depression and anxiety. I work primarily using schema therapy. I specialise in creating a safe, non-judgmental space for clients to explore their concerns. I previously worked in addiction services."
44,Female,India,Yes,Emma Wilson,MA Counseling,Unverified,1,Wed-Fri,Art Therapist,07515 661 1006,Accepting,"I am an experienced art therapist with experience in offering help with trauma and PTSD and intercultural issues. I work primarily using schema therapy. I specialise in creating a safe, non-judgmental space for clients to explore their concerns. I trained at a leading London institution."
34,Non-binary,India,No,Emma Wilson,PhD Clinical Psychology,Verified,5,Wed-Fri,Occupational Therapist,07411 393 4443,Waitlist,"I am a qualified occupational therapist with experience in offering help with family conflict and self-esteem and confidence. I work primarily using cognitive behavioural therapy (CBT). I specialise in creating a safe, non-judgmental space for clients to explore their concerns. I previously worked with young people in educational settings."
48,Male,Online Only,Yes,Bob Jones,MA Psychology,Unverified,4,Wed-Fri,Clinical Psychologist,07540 904 6279,Not Accepting,"I am an experienced clinical psychologist with experience in offering help with life transitions and generational trauma. I work primarily using mindfulness-based therapy. I specialise in creating a safe, non-judgmental space for clients to explore their concerns. I previously worked in addiction services."
39,Prefer not to say,Australia,Yes,Emma Wilson,MSc Psychotherapy,Unverified,5,Tue-Thu,Art Therapist,07576 552 8244,Accepting,"I am an accredited art therapist with experience in offering help with family conflict and early childhood trauma. I work primarily using cognitive behavioural therapy (CBT). I specialise in creating a safe, non-judgmental space for clients to explore their concerns. I have worked extensively with both individuals and couples."
50,Female,Australia,No,Bob Jones,MA Psychology,Verified,4,Mon-Wed,Clinical Psychologist,07791 318 9375,Waitlist,"I am an experienced clinical psychologist with experience in offering help with complex trauma and eating disorders. I work primarily using schema therapy. I specialise in creating a safe, non-judgmental space for clients to explore their concerns. I formerly worked in frontline mental health services."
65,Female,Online Only,Yes,Alice Smith,PhD Clinical Psychology,Unverified,2,Mon-Fri,Psychotherapist,07584 912 3780,Waitlist,"I am a qualified psychotherapist with experience in offering help with stress and burnout and relationship issues. I work primarily using person-centred therapy. I specialise in creating a safe, non-judgmental space for clients to explore their concerns. I have worked in both NHS and private settings."
23,Prefer not to say,Online Only,No,Alice Smith,MA Psychology,Verified,1,Mon-Fri,Counsellor,07774 186 5649,Waitlist,"I am an experienced counsellor with experience in offering help with early childhood trauma and generational trauma. I work primarily using acceptance and commitment therapy (ACT). I specialise in creating a safe, non-judgmental space for clients to explore their concerns. I have a background in crisis intervention."
55,Non-binary,Other,No,Alice Smith,MA Psychology,Verified,5,Wed-Fri,Psychotherapist,07627 779 6491,Waitlist,"I am an accredited psychotherapist with experience in offering help with addiction and recovery and stress and burnout. I work primarily using acceptance and commitment therapy (ACT). I specialise in creating a safe, non-judgmental space for clients to explore their concerns. I previously worked in addiction services."
61,Prefer not to say,Germany,Yes,Bob Jones,MA Counseling,Unverified,4,Mon-Wed,Clinical Psychologist,07195 938 4848,Waitlist,"I am an accredited clinical psychologist with experience in offering help with self-esteem and confidence and life transitions. I work primarily using EMDR. I specialise in creating a safe, non-judgmental space for clients to explore their concerns. I have experience working with diverse and multicultural populations."
29,Male,USA,No,Alice Smith,PhD Clinical Psychology,Verified,1,Tue-Thu,Counsellor,07788 417 4680,Accepting,"I am a qualified counsellor with experience in offering help with phobias and workplace issues. I work primarily using EMDR. I specialise in creating a safe, non-judgmental space for clients to explore their concerns. I have worked in both NHS and private settings."
53,Male,Canada,Yes,Alice Smith,PhD Clinical Psychology,Unverified,3,Tue-Thu,Psychotherapist,07925 303 3414,Accepting,"I am an accredited psychotherapist with experience in offering help with stress and burnout and OCD. I work primarily using schema therapy. I specialise in creating a safe, non-judgmental space for clients to explore their concerns. I have a background in crisis intervention."
26,Female,USA,No,Carol White,PhD Clinical Psychology,Verified,2,Mon-Fri,Psychodynamic Therapist,07125 147 5011,Accepting,"I am an experienced psychodynamic therapist with experience in offering help with eating disorders and phobias. I work primarily using dialectical behaviour therapy (DBT). I specialise in creating a safe, non-judgmental space for clients to explore their concerns. I have worked extensively with both individuals and couples."
49,Female,UK,No,Alice Smith,MA Psychology,Unverified,5,Wed-Fri,Counsellor,07586 725 2193,Accepting,"I am a qualified counsellor with experience in offering help with family conflict and generational trauma. I work primarily using acceptance and commitment therapy (ACT). I specialise in creating a safe, non-judgmental space for clients to explore their concerns. I have experience supporting individuals through major life transitions."
32,Non-binary,USA,No,Emma Wilson,PhD Clinical Psychology,Unverified,5,Mon-Wed,Occupational Therapist,07566 524 4185,Accepting,"I am a qualified occupational therapist with experience in offering help with bipolar disorder and OCD. I work primarily using schema therapy. I specialise in creating a safe, non-judgmental space for clients to explore their concerns. I have experience supporting individuals through major life transitions."
60,Male,India,No,Bob Jones,PhD Clinical Psychology,Verified,2,Mon-Fri,Clinical Psychologist,07835 813 7291,Accepting,"I am an experienced clinical psychologist with experience in offering help with self-esteem and confidence and OCD. I work primarily using person-centred therapy. I specialise in creating a safe, non-judgmental space for clients to explore their concerns. I previously worked with young people in educational settings."
41,Non-binary,India,No,Carol White,PhD Clinical Psychology,Unverified,1,Mon-Wed,Mental Health Counsellor,07606 509 4997,Waitlist,"I am a qualified mental health counsellor with experience in offering help with personality disorders and grief and loss. I work primarily using solution-focused therapy. I specialise in creating a safe, non-judgmental space for clients to explore their concerns. I formerly worked in frontline mental health services."
62,Non-binary,Online Only,Yes,David Brown,MA Counseling,Verified,1,Wed-Fri,Family Therapist,07251 771 1090,Accepting,"I am a qualified family therapist with experience in offering help with family conflict and personality disorders. I work primarily using solution-focused therapy. I specialise in creating a safe, non-judgmental space for clients to explore their concerns. I have over a decade of experience in private practice."
40,Prefer not to say,Online Only,No,Bob Jones,PhD Clinical Psychology,Unverified,5,Wed-Fri,Clinical Psychologist,07868 981 2746,Not Accepting,"I am a qualified clinical psychologist with experience in offering help with trauma and PTSD and generational trauma. I work primarily using schema therapy. I specialise in creating a safe, non-judgmental space for clients to explore their concerns. I have worked extensively with both individuals and couples."
22,Non-binary,Canada,No,Emma Wilson,MA Psychology,Verified,0,Mon-Fri,Occupational Therapist,07897 535 4585,Accepting,"I am a qualified occupational therapist with experience in offering help with early childhood trauma and self-esteem and confidence. I work primarily using psychodynamic therapy. I specialise in creating a safe, non-judgmental space for clients to explore their concerns. I have experience supporting individuals through major life transitions."
54,Male,Australia,No,Bob Jones,MA Counseling,Unverified,5,Wed-Fri,CBT Therapist,07280 923 9486,Accepting,"I am an accredited cbt therapist with experience in offering help with depression and anxiety and generational trauma. I work primarily using solution-focused therapy. I specialise in creating a safe, non-judgmental space for clients to explore their concerns. I have over a decade of experience in private practice."
42,Female,UK,Yes,Emma Wilson,PhD Clinical Psychology,Verified,4,Mon-Wed,Art Therapist,07575 151 5082,Waitlist,"I am an experienced art therapist with experience in offering help with family conflict and addiction and recovery. I work primarily using integrative therapy. I specialise in creating a safe, non-judgmental space for clients to explore their concerns. I have worked extensively with both individuals and couples."
49,Non-binary,Germany,No,Emma Wilson,PhD Clinical Psychology,Unverified,3,Mon-Wed,Art Therapist,07968 224 8478,Waitlist,"I am a qualified art therapist with experience in offering help with personality disorders and relationship issues. I work primarily using integrative therapy. I specialise in creating a safe, non-judgmental space for clients to explore their concerns. I have experience supporting individuals through major life transitions."
41,Female,Germany,Yes,David Brown,MA Counseling,Unverified,4,Mon-Fri,Family Therapist,07236 920 8612,Not Accepting,"I am an experienced family therapist with experience in offering help with OCD and family conflict. I work primarily using schema therapy. I specialise in creating a safe, non-judgmental space for clients to explore their concerns. I formerly worked in frontline mental health services."
29,Female,Australia,Yes,Bob Jones,PhD Clinical Psychology,Verified,0,Wed-Fri,Clinical Psychologist,07783 643 6198,Not Accepting,"I am an experienced clinical psychologist with experience in offering help with relationship issues and grief and loss. I work primarily using mindfulness-based therapy. I specialise in creating a safe, non-judgmental space for clients to explore their concerns. I previously worked with young people in educational settings."
35,Male,Germany,No,David Brown,MA Psychology,Verified,1,Tue-Thu,Family Therapist,07873 553 9270,Accepting,"I am a qualified family therapist with experience in offering help with relationship issues and stress and burnout. I work primarily using psychodynamic therapy. I specialise in creating a safe, non-judgmental space for clients to explore their concerns. I have worked in both NHS and private settings."
32,Male,Australia,Yes,David Brown,MA Psychology,Verified,4,Wed-Fri,EMDR Therapist,07536 950 9976,Accepting,"I am a qualified emdr therapist with experience in offering help with complex trauma and eating disorders. I work primarily using cognitive behavioural therapy (CBT). I specialise in creating a safe, non-judgmental space for clients to explore their concerns. I formerly worked in frontline mental health services."
62,Prefer not to say,Germany,No,Bob Jones,PhD Clinical Psychology,Unverified,2,Mon-Fri,Clinical Psychologist,07556 262 8777,Waitlist,"I am a qualified clinical psychologist with experience in offering help with trauma and PTSD and eating disorders. I work primarily using integrative therapy. I specialise in creating a safe, non-judgmental space for clients to explore their concerns. I trained at a leading London institution."
60,Female,UK,Yes,Alice Smith,MA Psychology,Unverified,4,Mon-Fri,Counsellor,07560 365 5050,Not Accepting,"I am an experienced counsellor with experience in offering help with generational trauma and grief and loss. I work primarily using schema therapy. I specialise in creating a safe, non-judgmental space for clients to explore their concerns. I have experience working with diverse and multicultural populations."
57,Female,Canada,Yes,Alice Smith,MA Counseling,Verified,1,Tue-Thu,Counsellor,07960 752 5543,Not Accepting,"I am an experienced counsellor with experience in offering help with complex trauma and phobias. I work primarily using EMDR. I specialise in creating a safe, non-judgmental space for clients to explore their concerns. I have worked in both NHS and private settings."
20,Female,Other,No,David Brown,PhD Clinical Psychology,Verified,5,Mon-Fri,EMDR Therapist,07884 896 9540,Not Accepting,"I am an accredited emdr therapist with experience in offering help with personality disorders and grief and loss. I work primarily using acceptance and commitment therapy (ACT). I specialise in creating a safe, non-judgmental space for clients to explore their concerns. I have worked extensively with both individuals and couples."
26,Female,USA,Yes,Carol White,MA Counseling,Verified,4,Mon-Fri,Psychodynamic Therapist,07596 741 4919,Accepting,"I am a qualified psychodynamic therapist with experience in offering help with grief and loss and self-esteem and confidence. I work primarily using mindfulness-based therapy. I specialise in creating a safe, non-judgmental space for clients to explore their concerns. I previously worked in addiction services."
61,Non-binary,Online Only,Yes,David Brown,MA Psychology,Verified,0,Tue-Thu,EMDR Therapist,07381 550 2269,Not Accepting,"I am an accredited emdr therapist with experience in offering help with depression and anxiety and self-esteem and confidence. I work primarily using mindfulness-based therapy. I specialise in creating a safe, non-judgmental space for clients to explore their concerns. I have experience supporting individuals through major life transitions."
33,Non-binary,UK,Yes,David Brown,PhD Clinical Psychology,Unverified,3,Tue-Thu,EMDR Therapist,07830 392 4841,Not Accepting,"I am a qualified emdr therapist with experience in offering help with relationship issues and self-esteem and confidence. I work primarily using integrative therapy. I specialise in creating a safe, non-judgmental space for clients to explore their concerns. I have worked extensively with both individuals and couples."
37,Prefer not to say,Germany,No,David Brown,MA Counseling,Verified,1,Mon-Wed,Family Therapist,07378 443 6238,Waitlist,"I am an accredited family therapist with experience in offering help with stress and burnout and addiction and recovery. I work primarily using acceptance and commitment therapy (ACT). I specialise in creating a safe, non-judgmental space for clients to explore their concerns. I have a background in crisis intervention."
46,Female,Other,Yes,Alice Smith,MA Psychology,Unverified,2,Mon-Fri,Psychotherapist,07653 182 3267,Accepting,"I am a qualified psychotherapist with experience in offering help with personality disorders and family conflict. I work primarily using psychodynamic therapy. I specialise in creating a safe, non-judgmental space for clients to explore their concerns. I previously worked with young people in educational settings."
21,Non-binary,Other,No,Alice Smith,PhD Clinical Psychology,Unverified,5,Tue-Thu,Counsellor,07254 336 7275,Waitlist,"I am an experienced counsellor with experience in offering help with bereavement and bipolar disorder. I work primarily using dialectical behaviour therapy (DBT). I specialise in creating a safe, non-judgmental space for clients to explore their concerns. I have a background in crisis intervention."
65,Female,Australia,Yes,Alice Smith,MSc Psychotherapy,Verified,0,Mon-Wed,Psychotherapist,07810 256 4505,Accepting,"I am an accredited psychotherapist with experience in offering help with eating disorders and depression and anxiety. I work primarily using solution-focused therapy. I specialise in creating a safe, non-judgmental space for clients to explore their concerns. I have a background in crisis intervention."
26,Prefer not to say,Germany,Yes,David Brown,MA Psychology,Verified,1,Mon-Fri,EMDR Therapist,07165 524 7678,Accepting,"I am a qualified emdr therapist with experience in offering help with bereavement and trauma and PTSD. I work primarily using dialectical behaviour therapy (DBT). I specialise in creating a safe, non-judgmental space for clients to explore their concerns. I previously worked in addiction services."
30,Prefer not to say,Canada,Yes,Carol White,MA Psychology,Verified,2,Tue-Thu,Psychodynamic Therapist,07438 655 8633,Not Accepting,"I am an experienced psychodynamic therapist with experience in offering help with grief and loss and bipolar disorder. I work primarily using person-centred therapy. I specialise in creating a safe, non-judgmental space for clients to explore their concerns. I previously worked with young people in educational settings."
43,Male,Australia,No,Alice Smith,MSc Psychotherapy,Verified,2,Mon-Fri,Counsellor,07525 163 4388,Not Accepting,"I am a qualified counsellor with experience in offering help with addiction and recovery and generational trauma. I work primarily using psychodynamic therapy. I specialise in creating a safe, non-judgmental space for clients to explore their concerns. I formerly worked in frontline mental health services."
47,Male,India,No,Bob Jones,MSc Psychotherapy,Unverified,1,Mon-Wed,Clinical Psychologist,07952 530 7381,Accepting,"I am an experienced clinical psychologist with experience in offering help with self-esteem and confidence and trauma and PTSD. I work primarily using dialectical behaviour therapy (DBT). I specialise in creating a safe, non-judgmental space for clients to explore their concerns. I trained at a leading London institution."
48,Prefer not to say,Australia,No,Bob Jones,MA Counseling,Verified,5,Wed-Fri,Clinical Psychologist,07888 698 1320,Accepting,"I am an experienced clinical psychologist with experience in offering help with generational trauma and relationship issues. I work primarily using mindfulness-based therapy. I specialise in creating a safe, non-judgmental space for clients to explore their concerns. I trained at a leading London institution."
45,Male,Germany,No,Bob Jones,MA Psychology,Verified,0,Mon-Fri,Clinical Psychologist,07977 883 7232,Waitlist,"I am an experienced clinical psychologist with experience in offering help with stress and burnout and complex trauma. I work primarily using person-centred therapy. I specialise in creating a safe, non-judgmental space for clients to explore their concerns. I have over a decade of experience in private practice."
27,Male,Online Only,No,Emma Wilson,MSc Psychotherapy,Unverified,5,Mon-Fri,Occupational Therapist,07588 106 6763,Accepting,"I am an accredited occupational therapist with experience in offering help with bipolar disorder and workplace issues. I work primarily using schema therapy. I specialise in creating a safe, non-judgmental space for clients to explore their concerns. I have a background in crisis intervention."
54,Female,UK,Yes,David Brown,PhD Clinical Psychology,Verified,5,Mon-Fri,Family Therapist,07405 871 7389,Not Accepting,"I am an accredited family therapist with experience in offering help with addiction and recovery and family conflict. I work primarily using mindfulness-based therapy. I specialise in creating a safe, non-judgmental space for clients to explore their concerns. I trained at a leading London institution."
40,Female,Online Only,No,Bob Jones,MA Psychology,Unverified,5,Mon-Fri,CBT Therapist,07973 955 7865,Not Accepting,"I am an experienced cbt therapist with experience in offering help with self-esteem and confidence and relationship issues. I work primarily using EMDR. I specialise in creating a safe, non-judgmental space for clients to explore their concerns. I previously worked with young people in educational settings."
37,Non-binary,Other,Yes,David Brown,MA Counseling,Unverified,5,Tue-Thu,EMDR Therapist,07651 865 9947,Accepting,"I am a qualified emdr therapist with experience in offering help with personality disorders and life transitions. I work primarily using integrative therapy. I specialise in creating a safe, non-judgmental space for clients to explore their concerns. I have worked in both NHS and private settings."
62,Female,Online Only,Yes,Bob Jones,MSc Psychotherapy,Unverified,2,Wed-Fri,CBT Therapist,07919 717 4613,Not Accepting,"I am a qualified cbt therapist with experience in offering help with depression and anxiety and addiction and recovery. I work primarily using schema therapy. I specialise in creating a safe, non-judgmental space for clients to explore their concerns. I have worked in both NHS and private settings."
23,Male,Canada,Yes,Carol White,MA Psychology,Unverified,3,Mon-Fri,Mental Health Counsellor,07599 324 5471,Not Accepting,"I am an experienced mental health counsellor with experience in offering help with bipolar disorder and addiction and recovery. I work primarily using dialectical behaviour therapy (DBT). I specialise in creating a safe, non-judgmental space for clients to explore their concerns. I have experience working with diverse and multicultural populations."
51,Male,India,No,David Brown,MA Psychology,Unverified,0,Tue-Thu,Family Therapist,07546 597 1475,Waitlist,"I am an accredited family therapist with experience in offering help with bipolar disorder and early childhood trauma. I work primarily using person-centred therapy. I specialise in creating a safe, non-judgmental space for clients to explore their concerns. I previously worked in addiction services."
64,Female,Other,Yes,Bob Jones,MSc Psychotherapy,Unverified,2,Wed-Fri,Clinical Psychologist,07498 444 7624,Accepting,"I am an accredited clinical psychologist with experience in offering help with phobias and life transitions. I work primarily using integrative therapy. I specialise in creating a safe, non-judgmental space for clients to explore their concerns. I have worked extensively with both individuals and couples."
44,Non-binary,India,Yes,Alice Smith,MSc Psychotherapy,Unverified,1,Mon-Wed,Counsellor,07841 269 8657,Not Accepting,"I am an accredited counsellor with experience in offering help with relationship issues and self-esteem and confidence. I work primarily using mindfulness-based therapy. I specialise in creating a safe, non-judgmental space for clients to explore their concerns. I have experience working with diverse and multicultural populations."
36,Non-binary,Other,Yes,David Brown,MSc Psychotherapy,Unverified,1,Mon-Wed,Family Therapist,07230 737 9751,Accepting,"I am a qualified family therapist with experience in offering help with generational trauma and trauma and PTSD. I work primarily using cognitive behavioural therapy (CBT). I specialise in creating a safe, non-judgmental space for clients to explore their concerns. I have a background in crisis intervention."
36,Female,Online Only,No,Emma Wilson,MA Psychology,Unverified,5,Mon-Wed,Occupational Therapist,07127 503 1444,Accepting,"I am an accredited occupational therapist with experience in offering help with early childhood trauma and phobias. I work primarily using person-centred therapy. I specialise in creating a safe, non-judgmental space for clients to explore their concerns. I have experience supporting individuals through major life transitions."
33,Male,Australia,Yes,Alice Smith,MSc Psychotherapy,Unverified,0,Mon-Wed,Counsellor,07185 758 8022,Not Accepting,"I am a qualified counsellor with experience in offering help with personality disorders and self-esteem and confidence. I work primarily using integrative therapy. I specialise in creating a safe, non-judgmental space for clients to explore their concerns. I have experience supporting individuals through major life transitions."
65,Male,India,No,Alice Smith,MSc Psychotherapy,Verified,2,Mon-Wed,Psychotherapist,07238 987 8564,Accepting,"I am a qualified psychotherapist with experience in offering help with bereavement and generational trauma. I work primarily using solution-focused therapy. I specialise in creating a safe, non-judgmental space for clients to explore their concerns. I have worked in both NHS and private settings."
61,Male,UK,Yes,Emma Wilson,MA Psychology,Unverified,2,Wed-Fri,Occupational Therapist,07286 151 5262,Accepting,"I am an experienced occupational therapist with experience in offering help with phobias and stress and burnout. I work primarily using mindfulness-based therapy. I specialise in creating a safe, non-judgmental space for clients to explore their concerns. I formerly worked in frontline mental health services."
58,Male,Online Only,Yes,Alice Smith,MA Psychology,Unverified,0,Mon-Fri,Psychotherapist,07488 435 4467,Not Accepting,"I am an accredited psychotherapist with experience in offering help with bipolar disorder and intercultural issues. I work primarily using acceptance and commitment therapy (ACT). I specialise in creating a safe, non-judgmental space for clients to explore their concerns. I previously worked in addiction services."
57,Male,Germany,No,Alice Smith,MA Counseling,Verified,5,Mon-Wed,Counsellor,07565 434 6529,Accepting,"I am an experienced counsellor with experience in offering help with bipolar disorder and early childhood trauma. I work primarily using integrative therapy. I specialise in creating a safe, non-judgmental space for clients to explore their concerns. I have experience supporting individuals through major life transitions."
52,Non-binary,Canada,No,Bob Jones,PhD Clinical Psychology,Unverified,0,Mon-Fri,Clinical Psychologist,07879 488 5558,Accepting,"I am an accredited clinical psychologist with experience in offering help with bipolar disorder and trauma and PTSD. I work primarily using solution-focused therapy. I specialise in creating a safe, non-judgmental space for clients to explore their concerns. I have a background in crisis intervention."
37,Male,Online Only,Yes,Bob Jones,MA Psychology,Unverified,0,Mon-Fri,CBT Therapist,07870 951 7906,Waitlist,"I am an experienced cbt therapist with experience in offering help with early childhood trauma and self-esteem and confidence. I work primarily using psychodynamic therapy. I specialise in creating a safe, non-judgmental space for clients to explore their concerns. I previously worked with young people in educational settings."
46,Male,Canada,No,David Brown,PhD Clinical Psychology,Unverified,3,Mon-Fri,EMDR Therapist,07358 954 2341,Waitlist,"I am an accredited emdr therapist with experience in offering help with phobias and depression and anxiety. I work primarily using cognitive behavioural therapy (CBT). I specialise in creating a safe, non-judgmental space for clients to explore their concerns. I trained at a leading London institution."
46,Female,India,No,David Brown,MA Counseling,Verified,3,Mon-Fri,Family Therapist,07581 119 9837,Accepting,"I am an experienced family therapist with experience in offering help with generational trauma and bereavement. I work primarily using person-centred therapy. I specialise in creating a safe, non-judgmental space for clients to explore their concerns. I have worked in both NHS and private settings."
55,Female,USA,No,David Brown,MA Counseling,Verified,5,Mon-Fri,Family Therapist,07153 458 4673,Accepting,"I am a qualified family therapist with experience in offering help with intercultural issues and bereavement. I work primarily using person-centred therapy. I specialise in creating a safe, non-judgmental space for clients to explore their concerns. I previously worked with young people in educational settings."
62,Male,UK,No,Bob Jones,MSc Psychotherapy,Verified,3,Wed-Fri,Clinical Psychologist,07765 170 1659,Accepting,"I am an accredited clinical psychologist with experience in offering help with generational trauma and depression and anxiety. I work primarily using mindfulness-based therapy. I specialise in creating a safe, non-judgmental space for clients to explore their concerns. I have over a decade of experience in private practice."
44,Non-binary,Germany,Yes,David Brown,MA Counseling,Verified,1,Mon-Fri,EMDR Therapist,07872 131 5051,Waitlist,"I am an experienced emdr therapist with experience in offering help with life transitions and addiction and recovery. I work primarily using EMDR. I specialise in creating a safe, non-judgmental space for clients to explore their concerns. I have worked in both NHS and private settings."
60,Non-binary,India,No,Alice Smith,MSc Psychotherapy,Unverified,3,Wed-Fri,Psychotherapist,07304 959 1333,Waitlist,"I am an accredited psychotherapist with experience in offering help with depression and anxiety and generational trauma. I work primarily using cognitive behavioural therapy (CBT). I specialise in creating a safe, non-judgmental space for clients to explore their concerns. I trained at a leading London institution."
32,Non-binary,Canada,No,Bob Jones,MSc Psychotherapy,Unverified,3,Wed-Fri,CBT Therapist,07736 256 4908,Waitlist,"I am a qualified cbt therapist with experience in offering help with bereavement and OCD. I work primarily using cognitive behavioural therapy (CBT). I specialise in creating a safe, non-judgmental space for clients to explore their concerns. I have over a decade of experience in private practice."
49,Female,India,No,David Brown,MA Psychology,Unverified,3,Mon-Fri,EMDR Therapist,07229 584 2874,Accepting,"I am an accredited emdr therapist with experience in offering help with trauma and PTSD and generational trauma. I work primarily using solution-focused therapy. I specialise in creating a safe, non-judgmental space for clients to explore their concerns. I have experience supporting individuals through major life transitions."
26,Female,Canada,No,Alice Smith,MA Psychology,Verified,2,Wed-Fri,Psychotherapist,07677 323 8619,Accepting,"I am an experienced psychotherapist with experience in offering help with relationship issues and family conflict. I work primarily using acceptance and commitment therapy (ACT). I specialise in creating a safe, non-judgmental space for clients to explore their concerns. I trained at a leading London institution."
61,Prefer not to say,Online Only,No,David Brown,PhD Clinical Psychology,Verified,4,Mon-Wed,EMDR Therapist,07816 362 7043,Waitlist,"I am an accredited emdr therapist with experience in offering help with bereavement and early childhood trauma. I work primarily using acceptance and commitment therapy (ACT). I specialise in creating a safe, non-judgmental space for clients to explore their concerns. I have experience supporting individuals through major life transitions."
28,Non-binary,USA,Yes,Carol White,MSc Psychotherapy,Unverified,3,Mon-Wed,Mental Health Counsellor,07271 720 2876,Not Accepting,"I am a qualified mental health counsellor with experience in offering help with phobias and trauma and PTSD. I work primarily using schema therapy. I specialise in creating a safe, non-judgmental space for clients to explore their concerns. I have a background in crisis intervention."
47,Non-binary,Germany,No,David Brown,MSc Psychotherapy,Verified,0,Mon-Wed,Family Therapist,07896 938 3683,Not Accepting,"I am a qualified family therapist with experience in offering help with depression and anxiety and trauma and PTSD. I work primarily using acceptance and commitment therapy (ACT). I specialise in creating a safe, non-judgmental space for clients to explore their concerns. I have experience working with diverse and multicultural populations."
51,Prefer not to say,Germany,No,Carol White,PhD Clinical Psychology,Unverified,3,Mon-Fri,Mental Health Counsellor,07418 210 1420,Waitlist,"I am an accredited mental health counsellor with experience in offering help with early childhood trauma and family conflict. I work primarily using acceptance and commitment therapy (ACT). I specialise in creating a safe, non-judgmental space for clients to explore their concerns. I have worked in both NHS and private settings."
62,Non-binary,UK,Yes,David Brown,MSc Psychotherapy,Verified,4,Mon-Wed,EMDR Therapist,07419 689 7149,Not Accepting,"I am a qualified emdr therapist with experience in offering help with OCD and generational trauma. I work primarily using psychodynamic therapy. I specialise in creating a safe, non-judgmental space for clients to explore their concerns. I have over a decade of experience in private practice."
56,Male,India,No,Emma Wilson,MA Counseling,Unverified,5,Tue-Thu,Occupational Therapist,07506 832 4249,Accepting,"I am a qualified occupational therapist with experience in offering help with phobias and bereavement. I work primarily using schema therapy. I specialise in creating a safe, non-judgmental space for clients to explore their concerns. I trained at a leading London institution."
24,Male,Online Only,Yes,David Brown,MSc Psychotherapy,Unverified,5,Tue-Thu,Family Therapist,07177 706 4978,Waitlist,"I am an experienced family therapist with experience in offering help with phobias and workplace issues. I work primarily using mindfulness-based therapy. I specialise in creating a safe, non-judgmental space for clients to explore their concerns. I previously worked in addiction services."
28,Non-binary,Australia,No,Bob Jones,MSc Psychotherapy,Unverified,1,Tue-Thu,CBT Therapist,07204 813 5941,Accepting,"I am an experienced cbt therapist with experience in offering help with phobias and stress and burnout. I work primarily using psychodynamic therapy. I specialise in creating a safe, non-judgmental space for clients to explore their concerns. I have worked in both NHS and private settings."
53,Male,UK,Yes,Bob Jones,MSc Psychotherapy,Unverified,1,Mon-Wed,Clinical Psychologist,07970 800 2983,Not Accepting,"I am an accredited clinical psychologist with experience in offering help with life transitions and intercultural issues. I work primarily using solution-focused therapy. I specialise in creating a safe, non-judgmental space for clients to explore their concerns. I previously worked in addiction services."
44,Prefer not to say,Online Only,Yes,Carol White,MA Psychology,Unverified,3,Wed-Fri,Mental Health Counsellor,07915 679 1672,Waitlist,"I am a qualified mental health counsellor with experience in offering help with stress and burnout and OCD. I work primarily using acceptance and commitment therapy (ACT). I specialise in creating a safe, non-judgmental space for clients to explore their concerns. I have experience working with diverse and multicultural populations."
34,Prefer not to say,Australia,No,Bob Jones,MA Counseling,Unverified,0,Tue-Thu,Clinical Psychologist,07455 645 8018,Accepting,"I am an experienced clinical psychologist with experience in offering help with early childhood trauma and OCD. I work primarily using solution-focused therapy. I specialise in creating a safe, non-judgmental space for clients to explore their concerns. I trained at a leading London institution."
20,Prefer not to say,USA,No,Alice Smith,MSc Psychotherapy,Verified,0,Wed-Fri,Psychotherapist,07777 479 2129,Accepting,"I am an accredited psychotherapist with experience in offering help with addiction and recovery and bipolar disorder. I work primarily using EMDR. I specialise in creating a safe, non-judgmental space for clients to explore their concerns. I previously worked in addiction services."
18,Female,India,Yes,Emma Wilson,MA Counseling,Unverified,2,Wed-Fri,Art Therapist,07618 763 6590,Accepting,"I am an accredited art therapist with experience in offering help with relationship issues and phobias. I work primarily using psychodynamic therapy. I specialise in creating a safe, non-judgmental space for clients to explore their concerns. I have experience working with diverse and multicultural populations."
45,Non-binary,Australia,No,Emma Wilson,MA Counseling,Verified,0,Mon-Fri,Occupational Therapist,07112 969 7882,Not Accepting,"I am an experienced occupational therapist with experience in offering help with bipolar disorder and generational trauma. I work primarily using schema therapy. I specialise in creating a safe, non-judgmental space for clients to explore their concerns. I formerly worked in frontline mental health services."
32,Female,Other,Yes,Alice Smith,MA Counseling,Verified,2,Tue-Thu,Psychotherapist,07942 601 2729,Accepting,"I am a qualified psychotherapist with experience in offering help with life transitions and phobias. I work primarily using integrative therapy. I specialise in creating a safe, non-judgmental space for clients to explore their concerns. I have worked in both NHS and private settings."
54,Male,Canada,No,Carol White,PhD Clinical Psychology,Unverified,2,Mon-Fri,Psychodynamic Therapist,07543 470 8532,Not Accepting,"I am an experienced psychodynamic therapist with experience in offering help with bipolar disorder and stress and burnout. I work primarily using cognitive behavioural therapy (CBT). I specialise in creating a safe, non-judgmental space for clients to explore their concerns. I have a background in crisis intervention."
26,Prefer not to say,Canada,No,Alice Smith,MSc Psychotherapy,Verified,0,Mon-Fri,Psychotherapist,07824 256 8135,Not Accepting,"I am an experienced psychotherapist with experience in offering help with eating disorders and bipolar disorder. I work primarily using psychodynamic therapy. I specialise in creating a safe, non-judgmental space for clients to explore their concerns. I have worked extensively with both individuals and couples."
49,Non-binary,Online Only,Yes,Alice Smith,MA Psychology,Verified,0,Mon-Fri,Psychotherapist,07280 851 9548,Accepting,"I am an accredited psychotherapist with experience in offering help with intercultural issues and generational trauma. I work primarily using acceptance and commitment therapy (ACT). I specialise in creating a safe, non-judgmental space for clients to explore their concerns. I previously worked with young people in educational settings."
63,Male,Online Only,No,Emma Wilson,MA Psychology,Verified,2,Mon-Wed,Art Therapist,07766 376 9817,Not Accepting,"I am a qualified art therapist with experience in offering help with bipolar disorder and life transitions. I work primarily using integrative therapy. I specialise in creating a safe, non-judgmental space for clients to explore their concerns. I have worked in both NHS and private settings."
36,Male,UK,No,David Brown,MA Psychology,Verified,1,Mon-Fri,Family Therapist,07893 595 8616,Accepting,"I am an experienced family therapist with experience in offering help with bereavement and grief and loss. I work primarily using solution-focused therapy. I specialise in creating a safe, non-judgmental space for clients to explore their concerns. I have experience supporting individuals through major life transitions."
24,Non-binary,USA,Yes,Emma Wilson,MA Psychology,Verified,3,Wed-Fri,Occupational Therapist,07546 945 5397,Accepting,"I am an experienced occupational therapist with experience in offering help with phobias and life transitions. I work primarily using cognitive behavioural therapy (CBT). I specialise in creating a safe, non-judgmental space for clients to explore their concerns. I have worked extensively with both individuals and couples."
27,Prefer not to say,Other,Yes,Emma Wilson,MSc Psychotherapy,Verified,1,Tue-Thu,Occupational Therapist,07430 972 5022,Waitlist,"I am an experienced occupational therapist with experience in offering help with addiction and recovery and depression and anxiety. I work primarily using EMDR. I specialise in creating a safe, non-judgmental space for clients to explore their concerns. I have a background in crisis intervention."
34,Prefer not to say,Australia,Yes,Bob Jones,MA Psychology,Unverified,5,Wed-Fri,CBT Therapist,07950 188 5569,Waitlist,"I am an accredited cbt therapist with experience in offering help with eating disorders and OCD. I work primarily using integrative therapy. I specialise in creating a safe, non-judgmental space for clients to explore their concerns. I formerly worked in frontline mental health services."
21,Prefer not to say,India,No,Alice Smith,MA Counseling,Verified,0,Tue-Thu,Psychotherapist,07561 349 8613,Accepting,"I am an accredited psychotherapist with experience in offering help with generational trauma and bereavement. I work primarily using solution-focused therapy. I specialise in creating a safe, non-judgmental space for clients to explore their concerns. I have worked in both NHS and private settings."
36,Non-binary,Australia,Yes,Emma Wilson,PhD Clinical Psychology,Verified,4,Mon-Wed,Occupational Therapist,07683 724 7209,Accepting,"I am a qualified occupational therapist with experience in offering help with depression and anxiety and relationship issues. I work primarily using schema therapy. I specialise in creating a safe, non-judgmental space for clients to explore their concerns. I previously worked with young people in educational settings."
56,Female,Other,Yes,Alice Smith,MA Psychology,Verified,0,Tue-Thu,Counsellor,07444 129 9098,Accepting,"I am a qualified counsellor with experience in offering help with stress and burnout and self-esteem and confidence. I work primarily using integrative therapy. I specialise in creating a safe, non-judgmental space for clients to explore their concerns. I have over a decade of experience in private practice."
33,Male,Germany,Yes,Bob Jones,MA Counseling,Verified,2,Tue-Thu,CBT Therapist,07971 432 3979,Accepting,"I am an accredited cbt therapist with experience in offering help with eating disorders and OCD. I work primarily using dialectical behaviour therapy (DBT). I specialise in creating a safe, non-judgmental space for clients to explore their concerns. I have worked extensively with both individuals and couples."
65,Female,Canada,Yes,Alice Smith,MA Psychology,Verified,4,Tue-Thu,Counsellor,07599 317 6813,Not Accepting,"I am an accredited counsellor with experience in offering help with trauma and PTSD and generational trauma. I work primarily using EMDR. I specialise in creating a safe, non-judgmental space for clients to explore their concerns. I have worked extensively with both individuals and couples."
57,Male,Online Only,Yes,Emma Wilson,MSc Psychotherapy,Verified,4,Tue-Thu,Art Therapist,07916 364 6576,Not Accepting,"I am a qualified art therapist with experience in offering help with relationship issues and addiction and recovery. I work primarily using acceptance and commitment therapy (ACT). I specialise in creating a safe, non-judgmental space for clients to explore their concerns. I have experience working with diverse and multicultural populations."
57,Non-binary,UK,No,Alice Smith,MA Counseling,Unverified,3,Wed-Fri,Counsellor,07386 710 5526,Accepting,"I am an accredited counsellor with experience in offering help with phobias and self-esteem and confidence. I work primarily using solution-focused therapy. I specialise in creating a safe, non-judgmental space for clients to explore their concerns. I have a background in crisis intervention."
37,Non-binary,USA,No,Bob Jones,MSc Psychotherapy,Unverified,5,Tue-Thu,Clinical Psychologist,07669 110 9464,Not Accepting,"I am an accredited clinical psychologist with experience in offering help with workplace issues and early childhood trauma. I work primarily using integrative therapy. I specialise in creating a safe, non-judgmental space for clients to explore their concerns. I have experience working with diverse and multicultural populations."
50,Male,India,Yes,David Brown,MA Psychology,Verified,0,Mon-Fri,EMDR Therapist,07295 187 4954,Not Accepting,"I am an experienced emdr therapist with experience in offering help with eating disorders and bereavement. I work primarily using acceptance and commitment therapy (ACT). I specialise in creating a safe, non-judgmental space for clients to explore their concerns. I have experience supporting individuals through major life transitions."
47,Non-binary,UK,Yes,Alice Smith,MA Counseling,Unverified,3,Tue-Thu,Counsellor,07837 516 9004,Accepting,"I am an experienced counsellor with experience in offering help with eating disorders and trauma and PTSD. I work primarily using person-centred therapy. I specialise in creating a safe, non-judgmental space for clients to explore their concerns. I have experience working with diverse and multicultural populations."
28,Prefer not to say,Online Only,No,Emma Wilson,MA Counseling,Unverified,5,Mon-Fri,Art Therapist,07668 876 4937,Accepting,"I am an accredited art therapist with experience in offering help with trauma and PTSD and depression and anxiety. I work primarily using person-centred therapy. I specialise in creating a safe, non-judgmental space for clients to explore their concerns. I have a background in crisis intervention."
37,Male,USA,No,Bob Jones,MA Counseling,Verified,1,Mon-Wed,Clinical Psychologist,07807 587 9041,Accepting,"I am an accredited clinical psychologist with experience in offering help with generational trauma and addiction and recovery. I work primarily using mindfulness-based therapy. I specialise in creating a safe, non-judgmental space for clients to explore their concerns. I trained at a leading London institution."
44,Non-binary,India,Yes,Emma Wilson,MA Psychology,Verified,4,Mon-Fri,Art Therapist,07558 911 1282,Waitlist,"I am an accredited art therapist with experience in offering help with depression and anxiety and family conflict. I work primarily using solution-focused therapy. I specialise in creating a safe, non-judgmental space for clients to explore their concerns. I have over a decade of experience in private practice."
18,Prefer not to say,USA,No,Emma Wilson,PhD Clinical Psychology,Unverified,3,Wed-Fri,Art Therapist,07195 401 4630,Waitlist,"I am an experienced art therapist with experience in offering help with personality disorders and life transitions. I work primarily using person-centred therapy. I specialise in creating a safe, non-judgmental space for clients to explore their concerns. I have experience supporting individuals through major life transitions."
31,Prefer not to say,India,No,Alice Smith,PhD Clinical Psychology,Verified,1,Mon-Fri,Psychotherapist,07514 808 4986,Not Accepting,"I am a qualified psychotherapist with experience in offering help with bipolar disorder and relationship issues. I work primarily using solution-focused therapy. I specialise in creating a safe, non-judgmental space for clients to explore their concerns. I formerly worked in frontline mental health services."
42,Prefer not to say,Germany,No,Emma Wilson,MSc Psychotherapy,Verified,0,Wed-Fri,Art Therapist,07413 779 7046,Waitlist,"I am an experienced art therapist with experience in offering help with depression and anxiety and self-esteem and confidence. I work primarily using psychodynamic therapy. I specialise in creating a safe, non-judgmental space for clients to explore their concerns. I trained at a leading London institution."
58,Non-binary,Other,No,Alice Smith,PhD Clinical Psychology,Unverified,0,Mon-Fri,Counsellor,07584 666 9698,Not Accepting,"I am a qualified counsellor with experience in offering help with stress and burnout and bereavement. I work primarily using solution-focused therapy. I specialise in creating a safe, non-judgmental space for clients to explore their concerns. I have experience working with diverse and multicultural populations."
58,Male,Germany,Yes,David Brown,MA Psychology,Unverified,2,Tue-Thu,EMDR Therapist,07452 535 6419,Accepting,"I am an accredited emdr therapist with experience in offering help with early childhood trauma and personality disorders. I work primarily using cognitive behavioural therapy (CBT). I specialise in creating a safe, non-judgmental space for clients to explore their concerns. I trained at a leading London institution."
45,Male,Online Only,Yes,Emma Wilson,MA Counseling,Verified,1,Mon-Wed,Art Therapist,07460 819 8434,Accepting,"I am a qualified art therapist with experience in offering help with phobias and self-esteem and confidence. I work primarily using integrative therapy. I specialise in creating a safe, non-judgmental space for clients to explore their concerns. I have worked in both NHS and private settings."
52,Male,Germany,No,Emma Wilson,MA Counseling,Unverified,1,Wed-Fri,Art Therapist,07377 413 5118,Accepting,"I am a qualified art therapist with experience in offering help with early childhood trauma and grief and loss. I work primarily using solution-focused therapy. I specialise in creating a safe, non-judgmental space for clients to explore their concerns. I have worked extensively with both individuals and couples."
61,Non-binary,Other,No,Emma Wilson,MA Psychology,Verified,3,Wed-Fri,Occupational Therapist,07336 223 4155,Waitlist,"I am an experienced occupational therapist with experience in offering help with workplace issues and relationship issues. I work primarily using solution-focused therapy. I specialise in creating a safe, non-judgmental space for clients to explore their concerns. I have a background in crisis intervention."
20,Male,Online Only,Yes,Carol White,MA Counseling,Verified,5,Tue-Thu,Psychodynamic Therapist,07423 222 9779,Not Accepting,"I am an accredited psychodynamic therapist with experience in offering help with OCD and grief and loss. I work primarily using integrative therapy. I specialise in creating a safe, non-judgmental space for clients to explore their concerns. I have over a decade of experience in private practice."
26,Non-binary,Online Only,No,Carol White,PhD Clinical Psychology,Verified,4,Tue-Thu,Mental Health Counsellor,07880 806 4033,Waitlist,"I am an accredited mental health counsellor with experience in offering help with workplace issues and early childhood trauma. I work primarily using schema therapy. I specialise in creating a safe, non-judgmental space for clients to explore their concerns. I have experience supporting individuals through major life transitions."
59,Prefer not to say,UK,Yes,Bob Jones,MSc Psychotherapy,Verified,5,Mon-Fri,Clinical Psychologist,07296 321 8933,Waitlist,"I am an accredited clinical psychologist with experience in offering help with bipolar disorder and phobias. I work primarily using EMDR. I specialise in creating a safe, non-judgmental space for clients to explore their concerns. I previously worked with young people in educational settings."
54,Female,Online Only,No,Carol White,MA Psychology,Verified,5,Wed-Fri,Psychodynamic Therapist,07383 841 9595,Accepting,"I am an experienced psychodynamic therapist with experience in offering help with generational trauma and addiction and recovery. I work primarily using person-centred therapy. I specialise in creating a safe, non-judgmental space for clients to explore their concerns. I have over a decade of experience in private practice."
52,Male,USA,Yes,Bob Jones,MA Counseling,Verified,4,Mon-Fri,Clinical Psychologist,07711 389 2647,Accepting,"I am a qualified clinical psychologist with experience in offering help with generational trauma and relationship issues. I work primarily using EMDR. I specialise in creating a safe, non-judgmental space for clients to explore their concerns. I previously worked in addiction services."
51,Prefer not to say,Online Only,Yes,Carol White,MA Psychology,Unverified,2,Tue-Thu,Mental Health Counsellor,07952 298 5853,Accepting,"I am an experienced mental health counsellor with experience in offering help with bereavement and phobias. I work primarily using acceptance and commitment therapy (ACT). I specialise in creating a safe, non-judgmental space for clients to explore their concerns. I have worked extensively with both individuals and couples."
52,Prefer not to say,Australia,Yes,David Brown,PhD Clinical Psychology,Unverified,5,Wed-Fri,EMDR Therapist,07332 469 3939,Not Accepting,"I am a qualified emdr therapist with experience in offering help with phobias and OCD. I work primarily using integrative therapy. I specialise in creating a safe, non-judgmental space for clients to explore their concerns. I have over a decade of experience in private practice."
57,Non-binary,Other,No,Bob Jones,MA Counseling,Unverified,2,Mon-Wed,CBT Therapist,07409 114 9751,Waitlist,"I am a qualified cbt therapist with experience in offering help with relationship issues and family conflict. I work primarily using acceptance and commitment therapy (ACT). I specialise in creating a safe, non-judgmental space for clients to explore their concerns. I have a background in crisis intervention."
21,Non-binary,Other,Yes,Carol White,MA Counseling,Unverified,2,Mon-Wed,Mental Health Counsellor,07229 380 1745,Accepting,"I am an accredited mental health counsellor with experience in offering help with bereavement and trauma and PTSD. I work primarily using integrative therapy. I specialise in creating a safe, non-judgmental space for clients to explore their concerns. I have experience supporting individuals through major life transitions."
62,Female,Germany,No,David Brown,MA Counseling,Verified,1,Wed-Fri,Family Therapist,07155 666 5786,Not Accepting,"I am an accredited family therapist with experience in offering help with eating disorders and self-esteem and confidence. I work primarily using acceptance and commitment therapy (ACT). I specialise in creating a safe, non-judgmental space for clients to explore their concerns. I formerly worked in frontline mental health services."
53,Non-binary,India,No,Carol White,MA Counseling,Unverified,0,Wed-Fri,Psychodynamic Therapist,07814 229 9042,Accepting,"I am an experienced psychodynamic therapist with experience in offering help with bipolar disorder and eating disorders. I work primarily using psychodynamic therapy. I specialise in creating a safe, non-judgmental space for clients to explore their concerns. I have worked in both NHS and private settings."
62,Male,Australia,No,Alice Smith,MA Psychology,Unverified,0,Tue-Thu,Counsellor,07205 993 1200,Waitlist,"I am an experienced counsellor with experience in offering help with phobias and workplace issues. I work primarily using solution-focused therapy. I specialise in creating a safe, non-judgmental space for clients to explore their concerns. I previously worked in addiction services."
18,Male,UK,No,Alice Smith,PhD Clinical Psychology,Unverified,3,Wed-Fri,Psychotherapist,07687 391 8690,Waitlist,"I am an experienced psychotherapist with experience in offering help with life transitions and trauma and PTSD. I work primarily using acceptance and commitment therapy (ACT). I specialise in creating a safe, non-judgmental space for clients to explore their concerns. I have worked extensively with both individuals and couples."
35,Non-binary,Australia,No,David Brown,PhD Clinical Psychology,Verified,4,Wed-Fri,Family Therapist,07590 551 6582,Waitlist,"I am an experienced family therapist with experience in offering help with intercultural issues and OCD. I work primarily using dialectical behaviour therapy (DBT). I specialise in creating a safe, non-judgmental space for clients to explore their concerns. I previously worked in addiction services."
58,Male,Canada,Yes,Emma Wilson,MSc Psychotherapy,Verified,4,Mon-Wed,Art Therapist,07288 152 5136,Waitlist,"I am a qualified art therapist with experience in offering help with generational trauma and trauma and PTSD. I work primarily using acceptance and commitment therapy (ACT). I specialise in creating a safe, non-judgmental space for clients to explore their concerns. I have worked in both NHS and private settings."
47,Prefer not to say,UK,No,Emma Wilson,MA Psychology,Unverified,3,Tue-Thu,Art Therapist,07982 589 2869,Waitlist,"I am an accredited art therapist with experience in offering help with relationship issues and workplace issues. I work primarily using EMDR. I specialise in creating a safe, non-judgmental space for clients to explore their concerns. I formerly worked in frontline mental health services."
39,Female,Online Only,No,Alice Smith,PhD Clinical Psychology,Verified,1,Mon-Fri,Counsellor,07941 166 7565,Accepting,"I am an experienced counsellor with experience in offering help with self-esteem and confidence and phobias. I work primarily using schema therapy. I specialise in creating a safe, non-judgmental space for clients to explore their concerns. I have experience supporting individuals through major life transitions."
19,Female,Canada,Yes,Alice Smith,MA Psychology,Verified,0,Wed-Fri,Counsellor,07603 175 1878,Not Accepting,"I am a qualified counsellor with experience in offering help with complex trauma and bipolar disorder. I work primarily using integrative therapy. I specialise in creating a safe, non-judgmental space for clients to explore their concerns. I have a background in crisis intervention."
27,Female,Other,Yes,Emma Wilson,MA Psychology,Verified,2,Tue-Thu,Occupational Therapist,07255 252 5978,Accepting,"I am an experienced occupational therapist with experience in offering help with stress and burnout and OCD. I work primarily using dialectical behaviour therapy (DBT). I specialise in creating a safe, non-judgmental space for clients to explore their concerns. I formerly worked in frontline mental health services."
53,Female,India,Yes,Bob Jones,PhD Clinical Psychology,Unverified,0,Tue-Thu,Clinical Psychologist,07187 354 2940,Waitlist,"I am an experienced clinical psychologist with experience in offering help with OCD and relationship issues. I work primarily using integrative therapy. I specialise in creating a safe, non-judgmental space for clients to explore their concerns. I have worked in both NHS and private settings."
63,Male,Other,Yes,Emma Wilson,MSc Psychotherapy,Unverified,3,Mon-Wed,Occupational Therapist,07671 882 7818,Waitlist,"I am an accredited occupational therapist with experience in offering help with personality disorders and eating disorders. I work primarily using mindfulness-based therapy. I specialise in creating a safe, non-judgmental space for clients to explore their concerns. I have worked extensively with both individuals and couples."
38,Prefer not to say,Canada,No,Carol White,MSc Psychotherapy,Unverified,0,Wed-Fri,Mental Health Counsellor,07720 710 4697,Waitlist,"I am a qualified mental health counsellor with experience in offering help with OCD and relationship issues. I work primarily using dialectical behaviour therapy (DBT). I specialise in creating a safe, non-judgmental space for clients to explore their concerns. I have over a decade of experience in private practice."
24,Non-binary,India,No,Bob Jones,MSc Psychotherapy,Unverified,2,Wed-Fri,CBT Therapist,07894 635 7232,Waitlist,"I am an experienced cbt therapist with experience in offering help with eating disorders and personality disorders. I work primarily using EMDR. I specialise in creating a safe, non-judgmental space for clients to explore their concerns. I have worked extensively with both individuals and couples."
21,Male,Online Only,Yes,Carol White,MA Counseling,Verified,5,Tue-Thu,Psychodynamic Therapist,07561 553 5871,Accepting,"I am an experienced psychodynamic therapist with experience in offering help with relationship issues and eating disorders. I work primarily using schema therapy. I specialise in creating a safe, non-judgmental space for clients to explore their concerns. I have experience working with diverse and multicultural populations."
21,Non-binary,India,Yes,Alice Smith,PhD Clinical Psychology,Verified,5,Wed-Fri,Counsellor,07980 702 8025,Not Accepting,"I am an experienced counsellor with experience in offering help with OCD and generational trauma. I work primarily using schema therapy. I specialise in creating a safe, non-judgmental space for clients to explore their concerns. I have worked in both NHS and private settings."
24,Prefer not to say,UK,No,Bob Jones,MA Counseling,Verified,4,Mon-Wed,Clinical Psychologist,07412 682 1986,Accepting,"I am a qualified clinical psychologist with experience in offering help with stress and burnout and workplace issues. I work primarily using integrative therapy. I specialise in creating a safe, non-judgmental space for clients to explore their concerns. I formerly worked in frontline mental health services."
43,Prefer not to say,USA,Yes,Carol White,MA Counseling,Verified,3,Mon-Wed,Psychodynamic Therapist,07724 857 2625,Waitlist,"I am a qualified psychodynamic therapist with experience in offering help with eating disorders and complex trauma. I work primarily using person-centred therapy. I specialise in creating a safe, non-judgmental space for clients to explore their concerns. I trained at a leading London institution."
18,Prefer not to say,Canada,No,Carol White,MA Counseling,Unverified,1,Mon-Wed,Mental Health Counsellor,07881 312 4457,Waitlist,"I am an accredited mental health counsellor with experience in offering help with intercultural issues and grief and loss. I work primarily using EMDR. I specialise in creating a safe, non-judgmental space for clients to explore their concerns. I have over a decade of experience in private practice."
32,Female,Germany,Yes,Bob Jones,MA Psychology,Unverified,0,Wed-Fri,CBT Therapist,07370 776 2330,Accepting,"I am an experienced cbt therapist with experience in offering help with eating disorders and early childhood trauma. I work primarily using schema therapy. I specialise in creating a safe, non-judgmental space for clients to explore their concerns. I have experience supporting individuals through major life transitions."
40,Prefer not to say,Germany,No,David Brown,MA Psychology,Unverified,0,Wed-Fri,Family Therapist,07260 345 3847,Waitlist,"I am an accredited family therapist with experience in offering help with workplace issues and trauma and PTSD. I work primarily using integrative therapy. I specialise in creating a safe, non-judgmental space for clients to explore their concerns. I have worked extensively with both individuals and couples."
50,Female,USA,No,Emma Wilson,PhD Clinical Psychology,Verified,1,Mon-Wed,Occupational Therapist,07665 176 3564,Accepting,"I am an accredited occupational therapist with experience in offering help with phobias and personality disorders. I work primarily using EMDR. I specialise in creating a safe, non-judgmental space for clients to explore their concerns. I have over a decade of experience in private practice."
18,Male,Other,Yes,Carol White,PhD Clinical Psychology,Verified,1,Mon-Fri,Mental Health Counsellor,07102 518 8381,Accepting,"I am a qualified mental health counsellor with experience in offering help with phobias and complex trauma. I work primarily using acceptance and commitment therapy (ACT). I specialise in creating a safe, non-judgmental space for clients to explore their concerns. I formerly worked in frontline mental health services."
55,Female,Online Only,Yes,Emma Wilson,MA Psychology,Verified,5,Tue-Thu,Art Therapist,07805 708 8699,Not Accepting,"I am a qualified art therapist with experience in offering help with bipolar disorder and grief and loss. I work primarily using acceptance and commitment therapy (ACT). I specialise in creating a safe, non-judgmental space for clients to explore their concerns. I have worked extensively with both individuals and couples."
27,Non-binary,Online Only,Yes,Emma Wilson,MA Psychology,Verified,2,Mon-Fri,Occupational Therapist,07398 133 4792,Accepting,"I am a qualified occupational therapist with experience in offering help with self-esteem and confidence and grief and loss. I work primarily using schema therapy. I specialise in creating a safe, non-judgmental space for clients to explore their concerns. I previously worked with young people in educational settings."
59,Male,Canada,No,Alice Smith,MA Counseling,Unverified,0,Wed-Fri,Psychotherapist,07395 823 5632,Accepting,"I am a qualified psychotherapist with experience in offering help with family conflict and intercultural issues. I work primarily using integrative therapy. I specialise in creating a safe, non-judgmental space for clients to explore their concerns. I have worked extensively with both individuals and couples."
52,Non-binary,Australia,Yes,Emma Wilson,MSc Psychotherapy,Unverified,3,Tue-Thu,Occupational Therapist,07819 980 8438,Accepting,"I am an experienced occupational therapist with experience in offering help with self-esteem and confidence and eating disorders. I work primarily using solution-focused therapy. I specialise in creating a safe, non-judgmental space for clients to explore their concerns. I have experience supporting individuals through major life transitions."
43,Prefer not to say,India,No,Carol White,MSc Psychotherapy,Verified,0,Tue-Thu,Mental Health Counsellor,07172 803 4824,Accepting,"I am an accredited mental health counsellor with experience in offering help with stress and burnout and complex trauma. I work primarily using person-centred therapy. I specialise in creating a safe, non-judgmental space for clients to explore their concerns. I have worked extensively with both individuals and couples."
61,Non-binary,Australia,No,Alice Smith,MSc Psychotherapy,Verified,2,Wed-Fri,Counsellor,07370 906 4241,Waitlist,"I am an experienced counsellor with experience in offering help with addiction and recovery and trauma and PTSD. I work primarily using acceptance and commitment therapy (ACT). I specialise in creating a safe, non-judgmental space for clients to explore their concerns. I trained at a leading London institution."
26,Non-binary,Canada,No,Bob Jones,MSc Psychotherapy,Unverified,3,Mon-Fri,CBT Therapist,07535 217 9922,Waitlist,"I am an accredited cbt therapist with experience in offering help with early childhood trauma and workplace issues. I work primarily using psychodynamic therapy. I specialise in creating a safe, non-judgmental space for clients to explore their concerns. I have a background in crisis intervention."
60,Non-binary,USA,No,Carol White,MSc Psychotherapy,Verified,3,Mon-Fri,Mental Health Counsellor,07330 763 3441,Accepting,"I am an accredited mental health counsellor with experience in offering help with complex trauma and addiction and recovery. I work primarily using acceptance and commitment therapy (ACT). I specialise in creating a safe, non-judgmental space for clients to explore their concerns. I have experience supporting individuals through major life transitions."
22,Male,Online Only,No,Alice Smith,MA Counseling,Verified,3,Mon-Fri,Counsellor,07372 946 3330,Not Accepting,"I am a qualified counsellor with experience in offering help with stress and burnout and relationship issues. I work primarily using person-centred therapy. I specialise in creating a safe, non-judgmental space for clients to explore their concerns. I previously worked in addiction services."
46,Prefer not to say,Australia,Yes,Alice Smith,PhD Clinical Psychology,Unverified,5,Mon-Fri,Counsellor,07173 161 3718,Accepting,"I am an experienced counsellor with experience in offering help with depression and anxiety and stress and burnout. I work primarily using cognitive behavioural therapy (CBT). I specialise in creating a safe, non-judgmental space for clients to explore their concerns. I have experience working with diverse and multicultural populations."
64,Non-binary,India,No,Emma Wilson,MA Psychology,Verified,2,Mon-Wed,Occupational Therapist,07911 414 5728,Waitlist,"I am a qualified occupational therapist with experience in offering help with bipolar disorder and grief and loss. I work primarily using solution-focused therapy. I specialise in creating a safe, non-judgmental space for clients to explore their concerns. I have worked in both NHS and private settings."
55,Prefer not to say,Online Only,Yes,Bob Jones,MA Counseling,Verified,0,Tue-Thu,CBT Therapist,07549 227 8679,Not Accepting,"I am an experienced cbt therapist with experience in offering help with grief and loss and depression and anxiety. I work primarily using integrative therapy. I specialise in creating a safe, non-judgmental space for clients to explore their concerns. I have worked in both NHS and private settings."
31,Non-binary,Australia,No,Carol White,MSc Psychotherapy,Verified,5,Mon-Fri,Mental Health Counsellor,07805 411 7594,Waitlist,"I am a qualified mental health counsellor with experience in offering help with OCD and generational trauma. I work primarily using EMDR. I specialise in creating a safe, non-judgmental space for clients to explore their concerns. I formerly worked in frontline mental health services."
54,Non-binary,India,No,Carol White,MA Psychology,Unverified,4,Wed-Fri,Mental Health Counsellor,07378 612 9847,Accepting,"I am an experienced mental health counsellor with experience in offering help with family conflict and generational trauma. I work primarily using acceptance and commitment therapy (ACT). I specialise in creating a safe, non-judgmental space for clients to explore their concerns. I previously worked in addiction services."
33,Female,Australia,No,Emma Wilson,MA Counseling,Verified,3,Mon-Wed,Art Therapist,07605 548 2317,Waitlist,"I am an accredited art therapist with experience in offering help with depression and anxiety and relationship issues. I work primarily using cognitive behavioural therapy (CBT). I specialise in creating a safe, non-judgmental space for clients to explore their concerns. I have a background in crisis intervention."
24,Female,Germany,Yes,Bob Jones,MSc Psychotherapy,Unverified,1,Tue-Thu,Clinical Psychologist,07712 140 8078,Accepting,"I am a qualified clinical psychologist with experience in offering help with generational trauma and life transitions. I work primarily using dialectical behaviour therapy (DBT). I specialise in creating a safe, non-judgmental space for clients to explore their concerns. I have experience supporting individuals through major life transitions."
38,Female,Germany,Yes,Carol White,MA Counseling,Verified,2,Wed-Fri,Psychodynamic Therapist,07852 430 5102,Waitlist,"I am an accredited psychodynamic therapist with experience in offering help with early childhood trauma and eating disorders. I work primarily using person-centred therapy. I specialise in creating a safe, non-judgmental space for clients to explore their concerns. I have a background in crisis intervention."
57,Male,Germany,Yes,Bob Jones,MA Psychology,Verified,3,Mon-Wed,Clinical Psychologist,07126 193 4750,Accepting,"I am a qualified clinical psychologist with experience in offering help with trauma and PTSD and grief and loss. I work primarily using solution-focused therapy. I specialise in creating a safe, non-judgmental space for clients to explore their concerns. I have worked extensively with both individuals and couples."
58,Female,UK,Yes,Carol White,PhD Clinical Psychology,Unverified,2,Tue-Thu,Mental Health Counsellor,07790 956 1339,Accepting,"I am an experienced mental health counsellor with experience in offering help with relationship issues and early childhood trauma. I work primarily using acceptance and commitment therapy (ACT). I specialise in creating a safe, non-judgmental space for clients to explore their concerns. I have worked extensively with both individuals and couples."
37,Female,Online Only,No,Emma Wilson,MSc Psychotherapy,Unverified,1,Wed-Fri,Occupational Therapist,07883 788 5415,Accepting,"I am an experienced occupational therapist with experience in offering help with depression and anxiety and workplace issues. I work primarily using dialectical behaviour therapy (DBT). I specialise in creating a safe, non-judgmental space for clients to explore their concerns. I previously worked with young people in educational settings."
31,Prefer not to say,Other,Yes,David Brown,MA Psychology,Unverified,3,Tue-Thu,Family Therapist,07690 141 3870,Not Accepting,"I am an experienced family therapist with experience in offering help with generational trauma and eating disorders. I work primarily using solution-focused therapy. I specialise in creating a safe, non-judgmental space for clients to explore their concerns. I formerly worked in frontline mental health services."
34,Non-binary,Online Only,No,Carol White,MA Psychology,Verified,0,Mon-Wed,Mental Health Counsellor,07581 631 8245,Accepting,"I am an accredited mental health counsellor with experience in offering help with bipolar disorder and grief and loss. I work primarily using dialectical behaviour therapy (DBT). I specialise in creating a safe, non-judgmental space for clients to explore their concerns. I have experience working with diverse and multicultural populations."
31,Non-binary,Australia,No,Alice Smith,PhD Clinical Psychology,Verified,2,Mon-Fri,Psychotherapist,07384 285 8141,Not Accepting,"I am an experienced psychotherapist with experience in offering help with relationship issues and workplace issues. I work primarily using integrative therapy. I specialise in creating a safe, non-judgmental space for clients to explore their concerns. I have worked in both NHS and private settings."
57,Prefer not to say,Other,No,Alice Smith,MA Counseling,Unverified,3,Mon-Wed,Counsellor,07750 933 9056,Not Accepting,"I am an accredited counsellor with experience in offering help with life transitions and workplace issues. I work primarily using schema therapy. I specialise in creating a safe, non-judgmental space for clients to explore their concerns. I have experience supporting individuals through major life transitions."
62,Male,Germany,Yes,David Brown,PhD Clinical Psychology,Verified,3,Wed-Fri,EMDR Therapist,07193 581 6700,Accepting,"I am a qualified emdr therapist with experience in offering help with personality disorders and family conflict. I work primarily using cognitive behavioural therapy (CBT). I specialise in creating a safe, non-judgmental space for clients to explore their concerns. I have experience working with diverse and multicultural populations."
30,Female,Canada,Yes,Carol White,PhD Clinical Psychology,Verified,2,Mon-Fri,Mental Health Counsellor,07518 441 6260,Not Accepting,"I am a qualified mental health counsellor with experience in offering help with addiction and recovery and depression and anxiety. I work primarily using integrative therapy. I specialise in creating a safe, non-judgmental space for clients to explore their concerns. I have worked in both NHS and private settings."
49,Prefer not to say,USA,Yes,Alice Smith,MA Counseling,Unverified,1,Tue-Thu,Psychotherapist,07786 207 3634,Accepting,"I am an accredited psychotherapist with experience in offering help with grief and loss and early childhood trauma. I work primarily using dialectical behaviour therapy (DBT). I specialise in creating a safe, non-judgmental space for clients to explore their concerns. I trained at a leading London institution."
21,Prefer not to say,UK,No,Alice Smith,MA Counseling,Verified,2,Tue-Thu,Psychotherapist,07437 521 9117,Not Accepting,"I am an experienced psychotherapist with experience in offering help with trauma and PTSD and bipolar disorder. I work primarily using schema therapy. I specialise in creating a safe, non-judgmental space for clients to explore their concerns. I trained at a leading London institution."
32,Female,USA,Yes,Carol White,MA Counseling,Verified,4,Tue-Thu,Psychodynamic Therapist,07395 778 7561,Accepting,"I am an accredited psychodynamic therapist with experience in offering help with complex trauma and self-esteem and confidence. I work primarily using acceptance and commitment therapy (ACT). I specialise in creating a safe, non-judgmental space for clients to explore their concerns. I have over a decade of experience in private practice."
58,Non-binary,India,Yes,Bob Jones,MA Psychology,Unverified,0,Mon-Wed,CBT Therapist,07933 878 1601,Waitlist,"I am an accredited cbt therapist with experience in offering help with relationship issues and self-esteem and confidence. I work primarily using cognitive behavioural therapy (CBT). I specialise in creating a safe, non-judgmental space for clients to explore their concerns. I have a background in crisis intervention."
24,Non-binary,Online Only,No,Carol White,MA Psychology,Unverified,1,Tue-Thu,Mental Health Counsellor,07565 190 6153,Not Accepting,"I am a qualified mental health counsellor with experience in offering help with trauma and PTSD and intercultural issues. I work primarily using cognitive behavioural therapy (CBT). I specialise in creating a safe, non-judgmental space for clients to explore their concerns. I trained at a leading London institution."
57,Non-binary,Online Only,Yes,Bob Jones,MSc Psychotherapy,Unverified,5,Tue-Thu,CBT Therapist,07358 431 2899,Not Accepting,"I am a qualified cbt therapist with experience in offering help with workplace issues and personality disorders. I work primarily using schema therapy. I specialise in creating a safe, non-judgmental space for clients to explore their concerns. I previously worked in addiction services."
20,Male,India,No,David Brown,MSc Psychotherapy,Verified,5,Tue-Thu,Family Therapist,07891 513 9431,Not Accepting,"I am an accredited family therapist with experience in offering help with trauma and PTSD and intercultural issues. I work primarily using mindfulness-based therapy. I specialise in creating a safe, non-judgmental space for clients to explore their concerns. I trained at a leading London institution."
61,Male,Online Only,No,Emma Wilson,PhD Clinical Psychology,Unverified,0,Mon-Wed,Occupational Therapist,07944 101 9889,Not Accepting,"I am a qualified occupational therapist with experience in offering help with OCD and addiction and recovery. I work primarily using psychodynamic therapy. I specialise in creating a safe, non-judgmental space for clients to explore their concerns. I trained at a leading London institution."
37,Female,UK,Yes,David Brown,PhD Clinical Psychology,Unverified,0,Wed-Fri,EMDR Therapist,07573 523 1888,Accepting,"I am an accredited emdr therapist with experience in offering help with personality disorders and self-esteem and confidence. I work primarily using solution-focused therapy. I specialise in creating a safe, non-judgmental space for clients to explore their concerns. I trained at a leading London institution."
31,Male,Germany,Yes,Emma Wilson,MSc Psychotherapy,Unverified,5,Mon-Fri,Occupational Therapist,07292 630 6927,Accepting,"I am a qualified occupational therapist with experience in offering help with family conflict and phobias. I work primarily using integrative therapy. I specialise in creating a safe, non-judgmental space for clients to explore their concerns. I have experience supporting individuals through major life transitions."
43,Male,Germany,Yes,Alice Smith,PhD Clinical Psychology,Verified,2,Tue-Thu,Psychotherapist,07737 874 9167,Not Accepting,"I am an experienced psychotherapist with experience in offering help with relationship issues and stress and burnout. I work primarily using psychodynamic therapy. I specialise in creating a safe, non-judgmental space for clients to explore their concerns. I have experience working with diverse and multicultural populations."
43,Non-binary,Germany,Yes,Alice Smith,MA Counseling,Unverified,4,Mon-Wed,Counsellor,07740 552 1845,Accepting,"I am an accredited counsellor with experience in offering help with complex trauma and life transitions. I work primarily using mindfulness-based therapy. I specialise in creating a safe, non-judgmental space for clients to explore their concerns. I trained at a leading London institution."
47,Non-binary,India,No,Alice Smith,MA Psychology,Unverified,3,Tue-Thu,Counsellor,07308 373 9998,Accepting,"I am a qualified counsellor with experience in offering help with relationship issues and OCD. I work primarily using mindfulness-based therapy. I specialise in creating a safe, non-judgmental space for clients to explore their concerns. I have a background in crisis intervention."
54,Male,Online Only,No,Bob Jones,MSc Psychotherapy,Unverified,4,Mon-Fri,CBT Therapist,07234 394 8178,Waitlist,"I am a qualified cbt therapist with experience in offering help with phobias and stress and burnout. I work primarily using EMDR. I specialise in creating a safe, non-judgmental space for clients to explore their concerns. I previously worked in addiction services."
33,Non-binary,Germany,Yes,Emma Wilson,MA Psychology,Verified,1,Wed-Fri,Occupational Therapist,07815 596 2989,Not Accepting,"I am a qualified occupational therapist with experience in offering help with self-esteem and confidence and trauma and PTSD. I work primarily using integrative therapy. I specialise in creating a safe, non-judgmental space for clients to explore their concerns. I have worked extensively with both individuals and couples."
26,Non-binary,Other,No,Alice Smith,MSc Psychotherapy,Unverified,4,Wed-Fri,Psychotherapist,07129 745 4920,Accepting,"I am a qualified psychotherapist with experience in offering help with addiction and recovery and trauma and PTSD. I work primarily using psychodynamic therapy. I specialise in creating a safe, non-judgmental space for clients to explore their concerns. I have experience working with diverse and multicultural populations."
61,Female,Other,No,Carol White,MA Psychology,Verified,0,Tue-Thu,Psychodynamic Therapist,07826 262 6091,Accepting,"I am an experienced psychodynamic therapist with experience in offering help with workplace issues and complex trauma. I work primarily using cognitive behavioural therapy (CBT). I specialise in creating a safe, non-judgmental space for clients to explore their concerns. I have over a decade of experience in private practice."
59,Female,Germany,No,Emma Wilson,MSc Psychotherapy,Unverified,3,Mon-Fri,Art Therapist,07664 114 7684,Accepting,"I am an accredited art therapist with experience in offering help with self-esteem and confidence and trauma and PTSD. I work primarily using EMDR. I specialise in creating a safe, non-judgmental space for clients to explore their concerns. I have worked in both NHS and private settings."
36,Female,USA,Yes,Emma Wilson,MA Psychology,Verified,4,Tue-Thu,Occupational Therapist,07195 330 2858,Accepting,"I am an accredited occupational therapist with experience in offering help with bipolar disorder and phobias. I work primarily using solution-focused therapy. I specialise in creating a safe, non-judgmental space for clients to explore their concerns. I have worked extensively with both individuals and couples."
27,Female,Other,Yes,Bob Jones,MA Counseling,Verified,3,Wed-Fri,CBT Therapist,07572 220 3522,Accepting,"I am a qualified cbt therapist with experience in offering help with phobias and generational trauma. I work primarily using acceptance and commitment therapy (ACT). I specialise in creating a safe, non-judgmental space for clients to explore their concerns. I trained at a leading London institution."
28,Female,Canada,No,David Brown,MSc Psychotherapy,Verified,4,Mon-Wed,EMDR Therapist,07610 833 5781,Accepting,"I am an experienced emdr therapist with experience in offering help with self-esteem and confidence and relationship issues. I work primarily using dialectical behaviour therapy (DBT). I specialise in creating a safe, non-judgmental space for clients to explore their concerns. I have over a decade of experience in private practice."
24,Female,Online Only,No,Bob Jones,MSc Psychotherapy,Unverified,5,Mon-Wed,CBT Therapist,07621 822 5479,Accepting,"I am an accredited cbt therapist with experience in offering help with bipolar disorder and personality disorders. I work primarily using integrative therapy. I specialise in creating a safe, non-judgmental space for clients to explore their concerns. I have a background in crisis intervention."
22,Male,USA,Yes,Alice Smith,MSc Psychotherapy,Verified,3,Mon-Wed,Psychotherapist,07525 954 8905,Waitlist,"I am an experienced psychotherapist with experience in offering help with early childhood trauma and depression and anxiety. I work primarily using EMDR. I specialise in creating a safe, non-judgmental space for clients to explore their concerns. I previously worked in addiction services."
23,Prefer not to say,Australia,No,Carol White,MA Counseling,Unverified,4,Mon-Fri,Mental Health Counsellor,07583 349 8483,Not Accepting,"I am a qualified mental health counsellor with experience in offering help with personality disorders and life transitions. I work primarily using psychodynamic therapy. I specialise in creating a safe, non-judgmental space for clients to explore their concerns. I have a background in crisis intervention."
33,Female,Australia,No,Carol White,MA Psychology,Verified,1,Mon-Fri,Psychodynamic Therapist,07664 248 7284,Waitlist,"I am an experienced psychodynamic therapist with experience in offering help with self-esteem and confidence and intercultural issues. I work primarily using dialectical behaviour therapy (DBT). I specialise in creating a safe, non-judgmental space for clients to explore their concerns. I have a background in crisis intervention."
24,Female,Online Only,Yes,Alice Smith,MSc Psychotherapy,Unverified,3,Wed-Fri,Psychotherapist,07295 713 9327,Not Accepting,"I am an accredited psychotherapist with experience in offering help with family conflict and intercultural issues. I work primarily using psychodynamic therapy. I specialise in creating a safe, non-judgmental space for clients to explore their concerns. I have over a decade of experience in private practice."
38,Prefer not to say,Other,Yes,Carol White,MA Psychology,Unverified,2,Mon-Fri,Psychodynamic Therapist,07864 239 2143,Accepting,"I am an experienced psychodynamic therapist with experience in offering help with self-esteem and confidence and complex trauma. I work primarily using acceptance and commitment therapy (ACT). I specialise in creating a safe, non-judgmental space for clients to explore their concerns. I have worked in both NHS and private settings."
44,Female,Australia,Yes,Bob Jones,MA Counseling,Unverified,0,Wed-Fri,Clinical Psychologist,07382 891 7798,Not Accepting,"I am an experienced clinical psychologist with experience in offering help with OCD and bipolar disorder. I work primarily using psychodynamic therapy. I specialise in creating a safe, non-judgmental space for clients to explore their concerns. I have experience supporting individuals through major life transitions."
51,Female,USA,Yes,Bob Jones,PhD Clinical Psychology,Verified,3,Wed-Fri,Clinical Psychologist,07448 906 9318,Accepting,"I am a qualified clinical psychologist with experience in offering help with eating disorders and phobias. I work primarily using EMDR. I specialise in creating a safe, non-judgmental space for clients to explore their concerns. I have over a decade of experience in private practice."
39,Male,Australia,Yes,Alice Smith,MSc Psychotherapy,Verified,5,Tue-Thu,Counsellor,07373 940 1042,Accepting,"I am an accredited counsellor with experience in offering help with workplace issues and grief and loss. I work primarily using psychodynamic therapy. I specialise in creating a safe, non-judgmental space for clients to explore their concerns. I previously worked with young people in educational settings."
45,Prefer not to say,Australia,Yes,Carol White,MA Counseling,Verified,0,Mon-Wed,Psychodynamic Therapist,07389 843 5891,Accepting,"I am an experienced psychodynamic therapist with experience in offering help with grief and loss and family conflict. I work primarily using cognitive behavioural therapy (CBT). I specialise in creating a safe, non-judgmental space for clients to explore their concerns. I trained at a leading London institution."
62,Male,Australia,Yes,Emma Wilson,MA Psychology,Unverified,4,Mon-Wed,Occupational Therapist,07957 701 9022,Not Accepting,"I am an accredited occupational therapist with experience in offering help with bereavement and bipolar disorder. I work primarily using acceptance and commitment therapy (ACT). I specialise in creating a safe, non-judgmental space for clients to explore their concerns. I have experience supporting individuals through major life transitions."
58,Female,USA,Yes,David Brown,MSc Psychotherapy,Unverified,4,Wed-Fri,EMDR Therapist,07986 252 8316,Not Accepting,"I am a qualified emdr therapist with experience in offering help with phobias and relationship issues. I work primarily using psychodynamic therapy. I specialise in creating a safe, non-judgmental space for clients to explore their concerns. I have a background in crisis intervention."
52,Male,UK,Yes,Emma Wilson,MA Psychology,Unverified,4,Mon-Fri,Art Therapist,07651 595 6654,Accepting,"I am an experienced art therapist with experience in offering help with family conflict and workplace issues. I work primarily using solution-focused therapy. I specialise in creating a safe, non-judgmental space for clients to explore their concerns. I have experience working with diverse and multicultural populations."
32,Non-binary,Canada,Yes,Bob Jones,PhD Clinical Psychology,Unverified,4,Wed-Fri,CBT Therapist,07440 665 9903,Accepting,"I am a qualified cbt therapist with experience in offering help with relationship issues and generational trauma. I work primarily using integrative therapy. I specialise in creating a safe, non-judgmental space for clients to explore their concerns. I have worked in both NHS and private settings."
60,Female,Canada,Yes,Bob Jones,MSc Psychotherapy,Verified,5,Mon-Wed,Clinical Psychologist,07486 566 6272,Accepting,"I am an experienced clinical psychologist with experience in offering help with self-esteem and confidence and workplace issues. I work primarily using integrative therapy. I specialise in creating a safe, non-judgmental space for clients to explore their concerns. I have over a decade of experience in private practice."
23,Male,Canada,Yes,Bob Jones,MSc Psychotherapy,Verified,4,Tue-Thu,CBT Therapist,07990 293 4912,Accepting,"I am an experienced cbt therapist with experience in offering help with bereavement and complex trauma. I work primarily using EMDR. I specialise in creating a safe, non-judgmental space for clients to explore their concerns. I have experience working with diverse and multicultural populations."
64,Prefer not to say,USA,No,Bob Jones,MA Psychology,Verified,1,Mon-Wed,CBT Therapist,07685 492 4826,Waitlist,"I am a qualified cbt therapist with experience in offering help with trauma and PTSD and early childhood trauma. I work primarily using schema therapy. I specialise in creating a safe, non-judgmental space for clients to explore their concerns. I have over a decade of experience in private practice."
19,Non-binary,Germany,Yes,David Brown,MSc Psychotherapy,Verified,0,Wed-Fri,EMDR Therapist,07976 894 7730,Not Accepting,"I am a qualified emdr therapist with experience in offering help with complex trauma and phobias. I work primarily using integrative therapy. I specialise in creating a safe, non-judgmental space for clients to explore their concerns. I previously worked with young people in educational settings."
64,Prefer not to say,India,No,Alice Smith,MA Counseling,Unverified,3,Wed-Fri,Psychotherapist,07144 425 8749,Accepting,"I am an accredited psychotherapist with experience in offering help with workplace issues and eating disorders. I work primarily using psychodynamic therapy. I specialise in creating a safe, non-judgmental space for clients to explore their concerns. I have a background in crisis intervention."
64,Female,Germany,No,Bob Jones,MA Counseling,Unverified,1,Mon-Wed,CBT Therapist,07822 930 7246,Accepting,"I am an experienced cbt therapist with experience in offering help with life transitions and addiction and recovery. I work primarily using EMDR. I specialise in creating a safe, non-judgmental space for clients to explore their concerns. I have a background in crisis intervention."
39,Prefer not to say,Canada,Yes,Carol White,PhD Clinical Psychology,Unverified,1,Mon-Wed,Psychodynamic Therapist,07495 779 3492,Not Accepting,"I am an experienced psychodynamic therapist with experience in offering help with life transitions and relationship issues. I work primarily using schema therapy. I specialise in creating a safe, non-judgmental space for clients to explore their concerns. I have over a decade of experience in private practice."
58,Female,USA,No,David Brown,MA Counseling,Verified,1,Mon-Fri,EMDR Therapist,07607 137 3068,Not Accepting,"I am an experienced emdr therapist with experience in offering help with bereavement and generational trauma. I work primarily using EMDR. I specialise in creating a safe, non-judgmental space for clients to explore their concerns. I have worked extensively with both individuals and couples."
41,Male,Australia,Yes,Bob Jones,PhD Clinical Psychology,Verified,1,Tue-Thu,Clinical Psychologist,07614 704 6439,Accepting,"I am an accredited clinical psychologist with experience in offering help with phobias and OCD. I work primarily using dialectical behaviour therapy (DBT). I specialise in creating a safe, non-judgmental space for clients to explore their concerns. I formerly worked in frontline mental health services."
21,Male,UK,Yes,Carol White,MA Psychology,Verified,1,Mon-Wed,Mental Health Counsellor,07990 202 8213,Waitlist,"I am an experienced mental health counsellor with experience in offering help with relationship issues and trauma and PTSD. I work primarily using dialectical behaviour therapy (DBT). I specialise in creating a safe, non-judgmental space for clients to explore their concerns. I have a background in crisis intervention."
55,Non-binary,Other,No,Bob Jones,MA Psychology,Unverified,0,Tue-Thu,CBT Therapist,07202 638 8486,Not Accepting,"I am an experienced cbt therapist with experience in offering help with intercultural issues and bereavement. I work primarily using solution-focused therapy. I specialise in creating a safe, non-judgmental space for clients to explore their concerns. I have worked extensively with both individuals and couples."
30,Male,Germany,Yes,Alice Smith,PhD Clinical Psychology,Verified,3,Tue-Thu,Counsellor,07115 839 3361,Not Accepting,"I am an experienced counsellor with experience in offering help with depression and anxiety and family conflict. I work primarily using schema therapy. I specialise in creating a safe, non-judgmental space for clients to explore their concerns. I have a background in crisis intervention."
40,Female,Online Only,Yes,David Brown,MA Counseling,Unverified,0,Mon-Fri,EMDR Therapist,07519 991 3529,Accepting,"I am a qualified emdr therapist with experience in offering help with eating disorders and family conflict. I work primarily using person-centred therapy. I specialise in creating a safe, non-judgmental space for clients to explore their concerns. I have experience working with diverse and multicultural populations."
39,Non-binary,UK,No,Alice Smith,MA Counseling,Unverified,5,Wed-Fri,Psychotherapist,07176 580 5342,Accepting,"I am a qualified psychotherapist with experience in offering help with self-esteem and confidence and relationship issues. I work primarily using cognitive behavioural therapy (CBT). I specialise in creating a safe, non-judgmental space for clients to explore their concerns. I have over a decade of experience in private practice."
55,Female,India,Yes,David Brown,PhD Clinical Psychology,Verified,3,Tue-Thu,Family Therapist,07446 738 7512,Accepting,"I am a qualified family therapist with experience in offering help with stress and burnout and family conflict. I work primarily using acceptance and commitment therapy (ACT). I specialise in creating a safe, non-judgmental space for clients to explore their concerns. I previously worked with young people in educational settings."
29,Prefer not to say,Online Only,Yes,Bob Jones,PhD Clinical Psychology,Unverified,1,Tue-Thu,Clinical Psychologist,07765 182 6383,Accepting,"I am an experienced clinical psychologist with experience in offering help with phobias and generational trauma. I work primarily using integrative therapy. I specialise in creating a safe, non-judgmental space for clients to explore their concerns. I trained at a leading London institution."
28,Non-binary,India,Yes,Bob Jones,MA Psychology,Unverified,5,Tue-Thu,Clinical Psychologist,07972 790 9742,Accepting,"I am an experienced clinical psychologist with experience in offering help with bipolar disorder and personality disorders. I work primarily using EMDR. I specialise in creating a safe, non-judgmental space for clients to explore their concerns. I trained at a leading London institution."
38,Male,Online Only,Yes,David Brown,PhD Clinical Psychology,Unverified,1,Tue-Thu,Family Therapist,07489 424 8994,Waitlist,"I am a qualified family therapist with experience in offering help with life transitions and early childhood trauma. I work primarily using integrative therapy. I specialise in creating a safe, non-judgmental space for clients to explore their concerns. I previously worked with young people in educational settings."
24,Male,Germany,Yes,Carol White,MA Counseling,Verified,4,Wed-Fri,Psychodynamic Therapist,07993 654 1588,Accepting,"I am an accredited psychodynamic therapist with experience in offering help with early childhood trauma and addiction and recovery. I work primarily using acceptance and commitment therapy (ACT). I specialise in creating a safe, non-judgmental space for clients to explore their concerns. I previously worked with young people in educational settings."
45,Non-binary,Canada,Yes,Carol White,PhD Clinical Psychology,Verified,2,Mon-Fri,Mental Health Counsellor,07732 170 4846,Accepting,"I am an experienced mental health counsellor with experience in offering help with early childhood trauma and trauma and PTSD. I work primarily using mindfulness-based therapy. I specialise in creating a safe, non-judgmental space for clients to explore their concerns. I have experience working with diverse and multicultural populations."
43,Female,UK,No,Bob Jones,PhD Clinical Psychology,Verified,2,Tue-Thu,Clinical Psychologist,07746 800 5708,Not Accepting,"I am an experienced clinical psychologist with experience in offering help with stress and burnout and grief and loss. I work primarily using EMDR. I specialise in creating a safe, non-judgmental space for clients to explore their concerns. I trained at a leading London institution."
18,Non-binary,USA,Yes,Bob Jones,PhD Clinical Psychology,Unverified,5,Mon-Wed,Clinical Psychologist,07332 864 2480,Accepting,"I am an experienced clinical psychologist with experience in offering help with OCD and intercultural issues. I work primarily using EMDR. I specialise in creating a safe, non-judgmental space for clients to explore their concerns. I previously worked in addiction services."
22,Male,Other,No,Alice Smith,MA Psychology,Verified,0,Wed-Fri,Psychotherapist,07544 200 2646,Not Accepting,"I am an accredited psychotherapist with experience in offering help with self-esteem and confidence and family conflict. I work primarily using mindfulness-based therapy. I specialise in creating a safe, non-judgmental space for clients to explore their concerns. I previously worked in addiction services."
30,Female,Other,No,Bob Jones,PhD Clinical Psychology,Verified,0,Mon-Fri,Clinical Psychologist,07554 270 5906,Accepting,"I am an accredited clinical psychologist with experience in offering help with relationship issues and personality disorders. I work primarily using schema therapy. I specialise in creating a safe, non-judgmental space for clients to explore their concerns. I previously worked in addiction services."
32,Prefer not to say,UK,Yes,David Brown,MSc Psychotherapy,Unverified,3,Mon-Wed,EMDR Therapist,07129 147 6314,Accepting,"I am an accredited emdr therapist with experience in offering help with intercultural issues and bereavement. I work primarily using integrative therapy. I specialise in creating a safe, non-judgmental space for clients to explore their concerns. I formerly worked in frontline mental health services."
45,Prefer not to say,USA,Yes,Carol White,MSc Psychotherapy,Unverified,4,Mon-Wed,Psychodynamic Therapist,07915 157 5806,Not Accepting,"I am a qualified psychodynamic therapist with experience in offering help with eating disorders and family conflict. I work primarily using dialectical behaviour therapy (DBT). I specialise in creating a safe, non-judgmental space for clients to explore their concerns. I previously worked in addiction services."
47,Male,UK,No,Carol White,MSc Psychotherapy,Unverified,3,Mon-Wed,Mental Health Counsellor,07467 483 8056,Accepting,"I am an accredited mental health counsellor with experience in offering help with life transitions and depression and anxiety. I work primarily using psychodynamic therapy. I specialise in creating a safe, non-judgmental space for clients to explore their concerns. I have experience working with diverse and multicultural populations."
51,Male,India,No,Alice Smith,MA Counseling,Unverified,4,Tue-Thu,Counsellor,07249 350 9702,Not Accepting,"I am an accredited counsellor with experience in offering help with addiction and recovery and bipolar disorder. I work primarily using solution-focused therapy. I specialise in creating a safe, non-judgmental space for clients to explore their concerns. I trained at a leading London institution."
31,Prefer not to say,Australia,No,Carol White,MA Counseling,Verified,2,Tue-Thu,Mental Health Counsellor,07521 679 3950,Not Accepting,"I am an accredited mental health counsellor with experience in offering help with personality disorders and trauma and PTSD. I work primarily using dialectical behaviour therapy (DBT). I specialise in creating a safe, non-judgmental space for clients to explore their concerns. I have experience supporting individuals through major life transitions."
40,Prefer not to say,Canada,Yes,Carol White,PhD Clinical Psychology,Verified,2,Mon-Wed,Psychodynamic Therapist,07274 279 2293,Accepting,"I am a qualified psychodynamic therapist with experience in offering help with bipolar disorder and life transitions. I work primarily using mindfulness-based therapy. I specialise in creating a safe, non-judgmental space for clients to explore their concerns. I have worked in both NHS and private settings."
28,Female,UK,Yes,Emma Wilson,MSc Psychotherapy,Verified,4,Mon-Fri,Occupational Therapist,07724 991 7267,Accepting,"I am an experienced occupational therapist with experience in offering help with workplace issues and self-esteem and confidence. I work primarily using schema therapy. I specialise in creating a safe, non-judgmental space for clients to explore their concerns. I have a background in crisis intervention."
21,Female,India,Yes,David Brown,MA Psychology,Unverified,3,Tue-Thu,EMDR Therapist,07734 799 4945,Accepting,"I am a qualified emdr therapist with experience in offering help with phobias and early childhood trauma. I work primarily using EMDR. I specialise in creating a safe, non-judgmental space for clients to explore their concerns. I have worked in both NHS and private settings."
51,Male,Online Only,Yes,Emma Wilson,MSc Psychotherapy,Unverified,0,Mon-Fri,Occupational Therapist,07609 697 3344,Waitlist,"I am an accredited occupational therapist with experience in offering help with bipolar disorder and OCD. I work primarily using schema therapy. I specialise in creating a safe, non-judgmental space for clients to explore their concerns. I trained at a leading London institution."
39,Female,USA,Yes,Carol White,MSc Psychotherapy,Unverified,5,Tue-Thu,Psychodynamic Therapist,07337 572 5161,Not Accepting,"I am an accredited psychodynamic therapist with experience in offering help with intercultural issues and workplace issues. I work primarily using solution-focused therapy. I specialise in creating a safe, non-judgmental space for clients to explore their concerns. I have experience supporting individuals through major life transitions."
47,Male,India,No,Alice Smith,MA Counseling,Unverified,4,Tue-Thu,Psychotherapist,07570 361 1153,Accepting,"I am a qualified psychotherapist with experience in offering help with trauma and PTSD and phobias. I work primarily using EMDR. I specialise in creating a safe, non-judgmental space for clients to explore their concerns. I trained at a leading London institution."
41,Male,UK,Yes,Alice Smith,MA Counseling,Unverified,4,Tue-Thu,Counsellor,07923 576 5712,Accepting,"I am an experienced counsellor with experience in offering help with workplace issues and self-esteem and confidence. I work primarily using EMDR. I specialise in creating a safe, non-judgmental space for clients to explore their concerns. I have worked extensively with both individuals and couples."
44,Prefer not to say,USA,No,Carol White,MA Psychology,Verified,4,Mon-Fri,Mental Health Counsellor,07793 659 3588,Waitlist,"I am an accredited mental health counsellor with experience in offering help with generational trauma and OCD. I work primarily using dialectical behaviour therapy (DBT). I specialise in creating a safe, non-judgmental space for clients to explore their concerns. I trained at a leading London institution."
38,Non-binary,Other,Yes,Bob Jones,MA Counseling,Unverified,3,Tue-Thu,CBT Therapist,07175 552 6661,Accepting,"I am an experienced cbt therapist with experience in offering help with personality disorders and eating disorders. I work primarily using dialectical behaviour therapy (DBT). I specialise in creating a safe, non-judgmental space for clients to explore their concerns. I trained at a leading London institution."
65,Non-binary,USA,No,Emma Wilson,MA Psychology,Unverified,0,Mon-Fri,Art Therapist,07701 406 7951,Waitlist,"I am a qualified art therapist with experience in offering help with workplace issues and life transitions. I work primarily using acceptance and commitment therapy (ACT). I specialise in creating a safe, non-judgmental space for clients to explore their concerns. I have worked extensively with both individuals and couples."
64,Male,Australia,No,Carol White,MA Counseling,Verified,3,Tue-Thu,Mental Health Counsellor,07806 356 8484,Not Accepting,"I am an experienced mental health counsellor with experience in offering help with family conflict and depression and anxiety. I work primarily using integrative therapy. I specialise in creating a safe, non-judgmental space for clients to explore their concerns. I trained at a leading London institution."
31,Prefer not to say,Online Only,Yes,Alice Smith,MSc Psychotherapy,Unverified,1,Wed-Fri,Psychotherapist,07965 409 4263,Waitlist,"I am an experienced psychotherapist with experience in offering help with early childhood trauma and stress and burnout. I work primarily using dialectical behaviour therapy (DBT). I specialise in creating a safe, non-judgmental space for clients to explore their concerns. I have a background in crisis intervention."
47,Female,Other,No,Alice Smith,MSc Psychotherapy,Verified,1,Tue-Thu,Counsellor,07493 973 8916,Not Accepting,"I am an experienced counsellor with experience in offering help with depression and anxiety and family conflict. I work primarily using mindfulness-based therapy. I specialise in creating a safe, non-judgmental space for clients to explore their concerns. I have worked extensively with both individuals and couples."
47,Prefer not to say,Germany,Yes,Emma Wilson,MA Psychology,Unverified,4,Mon-Wed,Art Therapist,07209 342 7248,Waitlist,"I am an accredited art therapist with experience in offering help with grief and loss and trauma and PTSD. I work primarily using dialectical behaviour therapy (DBT). I specialise in creating a safe, non-judgmental space for clients to explore their concerns. I previously worked in addiction services."
36,Prefer not to say,Online Only,Yes,David Brown,MA Psychology,Verified,4,Mon-Fri,EMDR Therapist,07685 467 5847,Waitlist,"I am an accredited emdr therapist with experience in offering help with workplace issues and personality disorders. I work primarily using EMDR. I specialise in creating a safe, non-judgmental space for clients to explore their concerns. I previously worked with young people in educational settings."
31,Prefer not to say,UK,No,Carol White,MA Counseling,Verified,4,Wed-Fri,Psychodynamic Therapist,07816 402 1359,Not Accepting,"I am a qualified psychodynamic therapist with experience in offering help with bereavement and early childhood trauma. I work primarily using person-centred therapy. I specialise in creating a safe, non-judgmental space for clients to explore their concerns. I formerly worked in frontline mental health services."
54,Non-binary,Canada,Yes,Carol White,MA Counseling,Unverified,0,Mon-Fri,Psychodynamic Therapist,07949 774 7484,Not Accepting,"I am an experienced psychodynamic therapist with experience in offering help with OCD and stress and burnout. I work primarily using EMDR. I specialise in creating a safe, non-judgmental space for clients to explore their concerns. I have experience working with diverse and multicultural populations."
64,Female,Germany,No,David Brown,MA Psychology,Verified,0,Tue-Thu,EMDR Therapist,07381 108 1803,Not Accepting,"I am a qualified emdr therapist with experience in offering help with intercultural issues and stress and burnout. I work primarily using schema therapy. I specialise in creating a safe, non-judgmental space for clients to explore their concerns. I have worked extensively with both individuals and couples."
24,Male,Online Only,No,Emma Wilson,MA Psychology,Unverified,4,Mon-Wed,Art Therapist,07720 863 9138,Waitlist,"I am an experienced art therapist with experience in offering help with trauma and PTSD and generational trauma. I work primarily using schema therapy. I specialise in creating a safe, non-judgmental space for clients to explore their concerns. I previously worked with young people in educational settings."
53,Female,Online Only,Yes,Emma Wilson,MSc Psychotherapy,Unverified,0,Mon-Wed,Occupational Therapist,07952 393 4770,Not Accepting,"I am a qualified occupational therapist with experience in offering help with OCD and family conflict. I work primarily using schema therapy. I specialise in creating a safe, non-judgmental space for clients to explore their concerns. I have experience working with diverse and multicultural populations."
48,Male,Germany,No,Alice Smith,MSc Psychotherapy,Unverified,2,Mon-Wed,Counsellor,07721 921 6772,Waitlist,"I am an experienced counsellor with experience in offering help with complex trauma and self-esteem and confidence. I work primarily using schema therapy. I specialise in creating a safe, non-judgmental space for clients to explore their concerns. I trained at a leading London institution."
48,Prefer not to say,Australia,Yes,David Brown,MA Psychology,Unverified,4,Tue-Thu,EMDR Therapist,07324 751 4115,Not Accepting,"I am an accredited emdr therapist with experience in offering help with bipolar disorder and addiction and recovery. I work primarily using dialectical behaviour therapy (DBT). I specialise in creating a safe, non-judgmental space for clients to explore their concerns. I previously worked in addiction services."
34,Female,Canada,No,Emma Wilson,MSc Psychotherapy,Unverified,2,Tue-Thu,Art Therapist,07735 356 3240,Accepting,"I am an accredited art therapist with experience in offering help with grief and loss and addiction and recovery. I work primarily using schema therapy. I specialise in creating a safe, non-judgmental space for clients to explore their concerns. I have a background in crisis intervention."
58,Non-binary,India,Yes,Bob Jones,PhD Clinical Psychology,Unverified,3,Mon-Wed,Clinical Psychologist,07743 199 1645,Accepting,"I am a qualified clinical psychologist with experience in offering help with eating disorders and phobias. I work primarily using person-centred therapy. I specialise in creating a safe, non-judgmental space for clients to explore their concerns. I previously worked in addiction services."
53,Non-binary,Online Only,No,Carol White,MA Counseling,Unverified,2,Tue-Thu,Mental Health Counsellor,07416 907 8222,Accepting,"I am a qualified mental health counsellor with experience in offering help with family conflict and bipolar disorder. I work primarily using schema therapy. I specialise in creating a safe, non-judgmental space for clients to explore their concerns. I have a background in crisis intervention."
54,Male,Australia,Yes,Alice Smith,MSc Psychotherapy,Verified,3,Tue-Thu,Psychotherapist,07134 693 6977,Not Accepting,"I am a qualified psychotherapist with experience in offering help with early childhood trauma and bereavement. I work primarily using schema therapy. I specialise in creating a safe, non-judgmental space for clients to explore their concerns. I have experience working with diverse and multicultural populations."
52,Male,Australia,Yes,David Brown,PhD Clinical Psychology,Unverified,5,Wed-Fri,EMDR Therapist,07849 234 2476,Not Accepting,"I am a qualified emdr therapist with experience in offering help with bipolar disorder and generational trauma. I work primarily using mindfulness-based therapy. I specialise in creating a safe, non-judgmental space for clients to explore their concerns. I formerly worked in frontline mental health services."
28,Male,USA,No,Alice Smith,MA Psychology,Unverified,3,Tue-Thu,Psychotherapist,07402 434 7807,Not Accepting,"I am an experienced psychotherapist with experience in offering help with relationship issues and bipolar disorder. I work primarily using acceptance and commitment therapy (ACT). I specialise in creating a safe, non-judgmental space for clients to explore their concerns. I have a background in crisis intervention."
26,Non-binary,Online Only,No,Emma Wilson,MSc Psychotherapy,Verified,4,Wed-Fri,Occupational Therapist,07279 305 3165,Not Accepting,"I am a qualified occupational therapist with experience in offering help with family conflict and intercultural issues. I work primarily using person-centred therapy. I specialise in creating a safe, non-judgmental space for clients to explore their concerns. I have experience supporting individuals through major life transitions."
45,Non-binary,UK,No,Emma Wilson,MA Psychology,Unverified,4,Mon-Wed,Occupational Therapist,07905 652 6994,Accepting,"I am an experienced occupational therapist with experience in offering help with life transitions and addiction and recovery. I work primarily using EMDR. I specialise in creating a safe, non-judgmental space for clients to explore their concerns. I have worked in both NHS and private settings."
34,Female,UK,Yes,Bob Jones,MA Counseling,Unverified,3,Mon-Fri,Clinical Psychologist,07643 613 5465,Accepting,"I am an experienced clinical psychologist with experience in offering help with bereavement and grief and loss. I work primarily using person-centred therapy. I specialise in creating a safe, non-judgmental space for clients to explore their concerns. I formerly worked in frontline mental health services."
62,Male,Germany,No,Carol White,MA Psychology,Verified,0,Tue-Thu,Psychodynamic Therapist,07950 268 5210,Accepting,"I am an accredited psychodynamic therapist with experience in offering help with workplace issues and grief and loss. I work primarily using person-centred therapy. I specialise in creating a safe, non-judgmental space for clients to explore their concerns. I formerly worked in frontline mental health services."
27,Male,USA,Yes,David Brown,PhD Clinical Psychology,Unverified,1,Mon-Wed,EMDR Therapist,07944 593 5835,Accepting,"I am an experienced emdr therapist with experience in offering help with stress and burnout and OCD. I work primarily using acceptance and commitment therapy (ACT). I specialise in creating a safe, non-judgmental space for clients to explore their concerns. I have worked in both NHS and private settings."
56,Female,Other,Yes,Alice Smith,MA Psychology,Unverified,2,Mon-Wed,Counsellor,07864 991 6549,Accepting,"I am a qualified counsellor with experience in offering help with generational trauma and depression and anxiety. I work primarily using schema therapy. I specialise in creating a safe, non-judgmental space for clients to explore their concerns. I have over a decade of experience in private practice."
31,Female,Australia,No,Carol White,PhD Clinical Psychology,Unverified,3,Tue-Thu,Psychodynamic Therapist,07923 217 8673,Not Accepting,"I am a qualified psychodynamic therapist with experience in offering help with family conflict and phobias. I work primarily using person-centred therapy. I specialise in creating a safe, non-judgmental space for clients to explore their concerns. I have a background in crisis intervention."
61,Non-binary,Other,Yes,Emma Wilson,MSc Psychotherapy,Unverified,1,Mon-Fri,Art Therapist,07177 244 4696,Accepting,"I am an accredited art therapist with experience in offering help with eating disorders and trauma and PTSD. I work primarily using psychodynamic therapy. I specialise in creating a safe, non-judgmental space for clients to explore their concerns. I have worked extensively with both individuals and couples."
58,Non-binary,UK,No,Carol White,MSc Psychotherapy,Verified,4,Mon-Fri,Psychodynamic Therapist,07980 792 7511,Accepting,"I am an accredited psychodynamic therapist with experience in offering help with life transitions and trauma and PTSD. I work primarily using EMDR. I specialise in creating a safe, non-judgmental space for clients to explore their concerns. I have experience working with diverse and multicultural populations."
60,Prefer not to say,Australia,No,Alice Smith,PhD Clinical Psychology,Unverified,4,Tue-Thu,Counsellor,07966 923 6992,Not Accepting,"I am an experienced counsellor with experience in offering help with trauma and PTSD and personality disorders. I work primarily using acceptance and commitment therapy (ACT). I specialise in creating a safe, non-judgmental space for clients to explore their concerns. I have over a decade of experience in private practice."
54,Female,Germany,Yes,Carol White,MA Counseling,Unverified,5,Mon-Wed,Mental Health Counsellor,07192 909 7464,Not Accepting,"I am an experienced mental health counsellor with experience in offering help with eating disorders and trauma and PTSD. I work primarily using cognitive behavioural therapy (CBT). I specialise in creating a safe, non-judgmental space for clients to explore their concerns. I have a background in crisis intervention."
52,Prefer not to say,Australia,No,Emma Wilson,MA Counseling,Unverified,5,Tue-Thu,Occupational Therapist,07114 370 9791,Accepting,"I am a qualified occupational therapist with experience in offering help with phobias and early childhood trauma. I work primarily using integrative therapy. I specialise in creating a safe, non-judgmental space for clients to explore their concerns. I have a background in crisis intervention."
39,Prefer not to say,Online Only,No,Carol White,MA Counseling,Unverified,3,Mon-Fri,Mental Health Counsellor,07226 565 7038,Accepting,"I am an experienced mental health counsellor with experience in offering help with life transitions and workplace issues. I work primarily using acceptance and commitment therapy (ACT). I specialise in creating a safe, non-judgmental space for clients to explore their concerns. I have over a decade of experience in private practice."
65,Female,Other,Yes,David Brown,MSc Psychotherapy,Unverified,0,Tue-Thu,EMDR Therapist,07788 866 5295,Not Accepting,"I am a qualified emdr therapist with experience in offering help with self-esteem and confidence and addiction and recovery. I work primarily using person-centred therapy. I specialise in creating a safe, non-judgmental space for clients to explore their concerns. I have worked in both NHS and private settings."
54,Prefer not to say,Canada,Yes,Carol White,MSc Psychotherapy,Verified,3,Mon-Wed,Psychodynamic Therapist,07698 490 7086,Accepting,"I am an accredited psychodynamic therapist with experience in offering help with complex trauma and self-esteem and confidence. I work primarily using mindfulness-based therapy. I specialise in creating a safe, non-judgmental space for clients to explore their concerns. I have over a decade of experience in private practice."
52,Female,Australia,Yes,David Brown,MA Counseling,Verified,2,Mon-Fri,EMDR Therapist,07210 791 4830,Accepting,"I am an accredited emdr therapist with experience in offering help with OCD and eating disorders. I work primarily using dialectical behaviour therapy (DBT). I specialise in creating a safe, non-judgmental space for clients to explore their concerns. I previously worked with young people in educational settings."
59,Male,Germany,Yes,Carol White,MA Psychology,Verified,5,Mon-Fri,Mental Health Counsellor,07582 125 6374,Accepting,"I am a qualified mental health counsellor with experience in offering help with phobias and personality disorders. I work primarily using solution-focused therapy. I specialise in creating a safe, non-judgmental space for clients to explore their concerns. I have experience supporting individuals through major life transitions."
46,Female,UK,Yes,Emma Wilson,MA Counseling,Verified,1,Mon-Fri,Occupational Therapist,07724 326 2035,Waitlist,"I am an accredited occupational therapist with experience in offering help with relationship issues and personality disorders. I work primarily using psychodynamic therapy. I specialise in creating a safe, non-judgmental space for clients to explore their concerns. I have over a decade of experience in private practice."
33,Female,Other,No,Bob Jones,MA Psychology,Unverified,0,Mon-Wed,CBT Therapist,07750 943 8606,Not Accepting,"I am a qualified cbt therapist with experience in offering help with family conflict and OCD. I work primarily using person-centred therapy. I specialise in creating a safe, non-judgmental space for clients to explore their concerns. I formerly worked in frontline mental health services."
60,Female,UK,No,Bob Jones,MA Counseling,Verified,5,Tue-Thu,Clinical Psychologist,07817 409 7689,Not Accepting,"I am a qualified clinical psychologist with experience in offering help with personality disorders and grief and loss. I work primarily using acceptance and commitment therapy (ACT). I specialise in creating a safe, non-judgmental space for clients to explore their concerns. I have a background in crisis intervention."
18,Non-binary,USA,Yes,David Brown,MA Psychology,Unverified,3,Mon-Fri,EMDR Therapist,07219 243 1742,Waitlist,"I am a qualified emdr therapist with experience in offering help with eating disorders and bereavement. I work primarily using dialectical behaviour therapy (DBT). I specialise in creating a safe, non-judgmental space for clients to explore their concerns. I formerly worked in frontline mental health services."
21,Non-binary,Other,No,David Brown,MSc Psychotherapy,Unverified,2,Mon-Wed,EMDR Therapist,07138 411 9071,Not Accepting,"I am a qualified emdr therapist with experience in offering help with bipolar disorder and grief and loss. I work primarily using cognitive behavioural therapy (CBT). I specialise in creating a safe, non-judgmental space for clients to explore their concerns. I have worked in both NHS and private settings."
38,Non-binary,India,Yes,Bob Jones,MA Counseling,Verified,2,Mon-Wed,CBT Therapist,07218 199 4846,Accepting,"I am an experienced cbt therapist with experience in offering help with eating disorders and complex trauma. I work primarily using solution-focused therapy. I specialise in creating a safe, non-judgmental space for clients to explore their concerns. I have experience supporting individuals through major life transitions."
44,Male,India,No,Emma Wilson,MA Counseling,Unverified,0,Wed-Fri,Art Therapist,07650 238 7367,Accepting,"I am an experienced art therapist with experience in offering help with eating disorders and early childhood trauma. I work primarily using mindfulness-based therapy. I specialise in creating a safe, non-judgmental space for clients to explore their concerns. I trained at a leading London institution."
19,Non-binary,Australia,No,Emma Wilson,PhD Clinical Psychology,Unverified,2,Mon-Fri,Art Therapist,07564 479 9850,Accepting,"I am an accredited art therapist with experience in offering help with grief and loss and phobias. I work primarily using EMDR. I specialise in creating a safe, non-judgmental space for clients to explore their concerns. I previously worked in addiction services."
43,Female,Online Only,Yes,Carol White,MA Counseling,Verified,2,Mon-Wed,Mental Health Counsellor,07529 701 3531,Not Accepting,"I am a qualified mental health counsellor with experience in offering help with self-esteem and confidence and bipolar disorder. I work primarily using solution-focused therapy. I specialise in creating a safe, non-judgmental space for clients to explore their concerns. I have experience supporting individuals through major life transitions."
22,Female,Germany,No,David Brown,MA Psychology,Unverified,2,Tue-Thu,EMDR Therapist,07524 770 2622,Waitlist,"I am an accredited emdr therapist with experience in offering help with life transitions and intercultural issues. I work primarily using person-centred therapy. I specialise in creating a safe, non-judgmental space for clients to explore their concerns. I have worked extensively with both individuals and couples."
43,Female,Canada,No,Emma Wilson,PhD Clinical Psychology,Verified,2,Mon-Wed,Occupational Therapist,07953 601 7686,Waitlist,"I am an accredited occupational therapist with experience in offering help with workplace issues and self-esteem and confidence. I work primarily using schema therapy. I specialise in creating a safe, non-judgmental space for clients to explore their concerns. I trained at a leading London institution."
20,Prefer not to say,USA,Yes,Alice Smith,MA Counseling,Unverified,3,Mon-Wed,Psychotherapist,07386 133 7070,Accepting,"I am an experienced psychotherapist with experience in offering help with bereavement and early childhood trauma. I work primarily using cognitive behavioural therapy (CBT). I specialise in creating a safe, non-judgmental space for clients to explore their concerns. I have experience supporting individuals through major life transitions."
44,Female,Germany,No,Carol White,MA Counseling,Verified,5,Wed-Fri,Mental Health Counsellor,07322 554 8285,Not Accepting,"I am an accredited mental health counsellor with experience in offering help with intercultural issues and bereavement. I work primarily using schema therapy. I specialise in creating a safe, non-judgmental space for clients to explore their concerns. I have over a decade of experience in private practice."
60,Non-binary,Online Only,No,Carol White,MSc Psychotherapy,Unverified,5,Mon-Fri,Mental Health Counsellor,07341 975 6942,Not Accepting,"I am an experienced mental health counsellor with experience in offering help with OCD and workplace issues. I work primarily using acceptance and commitment therapy (ACT). I specialise in creating a safe, non-judgmental space for clients to explore their concerns. I have worked in both NHS and private settings."
45,Female,India,No,Bob Jones,PhD Clinical Psychology,Unverified,0,Mon-Wed,Clinical Psychologist,07201 802 7018,Not Accepting,"I am an experienced clinical psychologist with experience in offering help with intercultural issues and bereavement. I work primarily using acceptance and commitment therapy (ACT). I specialise in creating a safe, non-judgmental space for clients to explore their concerns. I have worked in both NHS and private settings."
26,Female,USA,Yes,David Brown,MA Psychology,Verified,1,Tue-Thu,EMDR Therapist,07657 760 6876,Accepting,"I am an experienced emdr therapist with experience in offering help with self-esteem and confidence and trauma and PTSD. I work primarily using acceptance and commitment therapy (ACT). I specialise in creating a safe, non-judgmental space for clients to explore their concerns. I have over a decade of experience in private practice."
39,Male,Online Only,Yes,Emma Wilson,MA Counseling,Unverified,1,Wed-Fri,Art Therapist,07162 507 5520,Accepting,"I am an experienced art therapist with experience in offering help with stress and burnout and self-esteem and confidence. I work primarily using dialectical behaviour therapy (DBT). I specialise in creating a safe, non-judgmental space for clients to explore their concerns. I formerly worked in frontline mental health services."
49,Female,USA,No,Emma Wilson,MSc Psychotherapy,Unverified,2,Mon-Wed,Art Therapist,07294 225 8450,Accepting,"I am a qualified art therapist with experience in offering help with self-esteem and confidence and eating disorders. I work primarily using cognitive behavioural therapy (CBT). I specialise in creating a safe, non-judgmental space for clients to explore their concerns. I have experience working with diverse and multicultural populations."
25,Female,Online Only,No,Carol White,MA Counseling,Unverified,5,Tue-Thu,Psychodynamic Therapist,07193 778 4475,Accepting,"I am an accredited psychodynamic therapist with experience in offering help with depression and anxiety and intercultural issues. I work primarily using dialectical behaviour therapy (DBT). I specialise in creating a safe, non-judgmental space for clients to explore their concerns. I have worked in both NHS and private settings."
31,Prefer not to say,USA,No,David Brown,PhD Clinical Psychology,Unverified,3,Mon-Fri,Family Therapist,07757 754 1349,Accepting,"I am an accredited family therapist with experience in offering help with stress and burnout and bipolar disorder. I work primarily using psychodynamic therapy. I specialise in creating a safe, non-judgmental space for clients to explore their concerns. I have experience supporting individuals through major life transitions."
20,Male,UK,Yes,David Brown,MA Psychology,Verified,2,Wed-Fri,Family Therapist,07151 905 6464,Not Accepting,"I am a qualified family therapist with experience in offering help with relationship issues and family conflict. I work primarily using cognitive behavioural therapy (CBT). I specialise in creating a safe, non-judgmental space for clients to explore their concerns. I have a background in crisis intervention."
53,Female,USA,No,David Brown,MSc Psychotherapy,Unverified,2,Mon-Wed,Family Therapist,07349 228 4362,Accepting,"I am a qualified family therapist with experience in offering help with complex trauma and generational trauma. I work primarily using solution-focused therapy. I specialise in creating a safe, non-judgmental space for clients to explore their concerns. I trained at a leading London institution."
38,Non-binary,Canada,Yes,Bob Jones,MA Counseling,Verified,5,Wed-Fri,Clinical Psychologist,07170 949 4394,Accepting,"I am an experienced clinical psychologist with experience in offering help with self-esteem and confidence and personality disorders. I work primarily using solution-focused therapy. I specialise in creating a safe, non-judgmental space for clients to explore their concerns. I have worked in both NHS and private settings."
44,Male,Canada,No,Emma Wilson,MA Psychology,Verified,3,Tue-Thu,Occupational Therapist,07700 321 4817,Accepting,"I am an accredited occupational therapist with experience in offering help with life transitions and generational trauma. I work primarily using integrative therapy. I specialise in creating a safe, non-judgmental space for clients to explore their concerns. I have worked in both NHS and private settings."
20,Male,Australia,No,David Brown,MA Counseling,Verified,4,Mon-Fri,Family Therapist,07436 892 3417,Accepting,"I am an experienced family therapist with experience in offering help with life transitions and personality disorders. I work primarily using schema therapy. I specialise in creating a safe, non-judgmental space for clients to explore their concerns. I have over a decade of experience in private practice."
42,Non-binary,Australia,Yes,Bob Jones,MA Counseling,Unverified,5,Mon-Fri,CBT Therapist,07907 710 1046,Not Accepting,"I am a qualified cbt therapist with experience in offering help with grief and loss and depression and anxiety. I work primarily using cognitive behavioural therapy (CBT). I specialise in creating a safe, non-judgmental space for clients to explore their concerns. I have a background in crisis intervention."
56,Female,Other,Yes,Alice Smith,PhD Clinical Psychology,Verified,0,Mon-Fri,Counsellor,07383 979 3370,Accepting,"I am an accredited counsellor with experience in offering help with life transitions and stress and burnout. I work primarily using schema therapy. I specialise in creating a safe, non-judgmental space for clients to explore their concerns. I have experience working with diverse and multicultural populations."
42,Prefer not to say,UK,Yes,Carol White,PhD Clinical Psychology,Verified,1,Mon-Fri,Mental Health Counsellor,07233 653 5106,Accepting,"I am a qualified mental health counsellor with experience in offering help with grief and loss and self-esteem and confidence. I work primarily using integrative therapy. I specialise in creating a safe, non-judgmental space for clients to explore their concerns. I have over a decade of experience in private practice."
29,Female,Online Only,No,Emma Wilson,MA Counseling,Unverified,3,Mon-Wed,Occupational Therapist,07917 278 2801,Not Accepting,"I am an experienced occupational therapist with experience in offering help with intercultural issues and early childhood trauma. I work primarily using cognitive behavioural therapy (CBT). I specialise in creating a safe, non-judgmental space for clients to explore their concerns. I have experience working with diverse and multicultural populations."
58,Female,India,Yes,Emma Wilson,MSc Psychotherapy,Unverified,1,Tue-Thu,Art Therapist,07776 987 1422,Accepting,"I am an accredited art therapist with experience in offering help with depression and anxiety and grief and loss. I work primarily using person-centred therapy. I specialise in creating a safe, non-judgmental space for clients to explore their concerns. I have worked in both NHS and private settings."
59,Male,Online Only,No,Carol White,PhD Clinical Psychology,Unverified,3,Wed-Fri,Psychodynamic Therapist,07234 115 6869,Not Accepting,"I am an experienced psychodynamic therapist with experience in offering help with phobias and trauma and PTSD. I work primarily using acceptance and commitment therapy (ACT). I specialise in creating a safe, non-judgmental space for clients to explore their concerns. I have worked extensively with both individuals and couples."
42,Prefer not to say,Canada,No,Alice Smith,PhD Clinical Psychology,Verified,5,Mon-Wed,Counsellor,07908 907 4898,Accepting,"I am a qualified counsellor with experience in offering help with trauma and PTSD and grief and loss. I work primarily using cognitive behavioural therapy (CBT). I specialise in creating a safe, non-judgmental space for clients to explore their concerns. I have experience working with diverse and multicultural populations."
43,Female,UK,No,Bob Jones,PhD Clinical Psychology,Verified,3,Wed-Fri,Clinical Psychologist,07702 431 1258,Accepting,"I am an accredited clinical psychologist with experience in offering help with grief and loss and life transitions. I work primarily using person-centred therapy. I specialise in creating a safe, non-judgmental space for clients to explore their concerns. I formerly worked in frontline mental health services."
40,Prefer not to say,Online Only,No,Carol White,PhD Clinical Psychology,Verified,4,Mon-Fri,Mental Health Counsellor,07278 371 1858,Accepting,"I am a qualified mental health counsellor with experience in offering help with workplace issues and eating disorders. I work primarily using person-centred therapy. I specialise in creating a safe, non-judgmental space for clients to explore their concerns. I have worked extensively with both individuals and couples."
64,Prefer not to say,Germany,No,Bob Jones,MA Psychology,Unverified,2,Tue-Thu,Clinical Psychologist,07229 859 7897,Accepting,"I am an accredited clinical psychologist with experience in offering help with bereavement and OCD. I work primarily using person-centred therapy. I specialise in creating a safe, non-judgmental space for clients to explore their concerns. I have a background in crisis intervention."
54,Non-binary,Germany,No,Bob Jones,MA Counseling,Verified,0,Mon-Wed,Clinical Psychologist,07638 216 2041,Accepting,"I am a qualified clinical psychologist with experience in offering help with workplace issues and grief and loss. I work primarily using solution-focused therapy. I specialise in creating a safe, non-judgmental space for clients to explore their concerns. I have a background in crisis intervention."
43,Prefer not to say,Other,Yes,Bob Jones,MA Psychology,Verified,4,Wed-Fri,CBT Therapist,07587 559 6931,Accepting,"I am an experienced cbt therapist with experience in offering help with trauma and PTSD and life transitions. I work primarily using dialectical behaviour therapy (DBT). I specialise in creating a safe, non-judgmental space for clients to explore their concerns. I have over a decade of experience in private practice."
25,Male,Australia,Yes,Alice Smith,MA Psychology,Unverified,1,Wed-Fri,Psychotherapist,07625 707 2786,Not Accepting,"I am a qualified psychotherapist with experience in offering help with stress and burnout and life transitions. I work primarily using acceptance and commitment therapy (ACT). I specialise in creating a safe, non-judgmental space for clients to explore their concerns. I formerly worked in frontline mental health services."
50,Male,Online Only,No,Alice Smith,MA Counseling,Unverified,0,Mon-Wed,Psychotherapist,07562 615 4629,Accepting,"I am a qualified psychotherapist with experience in offering help with personality disorders and workplace issues. I work primarily using integrative therapy. I specialise in creating a safe, non-judgmental space for clients to explore their concerns. I have experience working with diverse and multicultural populations."
41,Male,Online Only,No,Bob Jones,PhD Clinical Psychology,Unverified,2,Wed-Fri,Clinical Psychologist,07729 144 9543,Not Accepting,"I am an experienced clinical psychologist with experience in offering help with generational trauma and eating disorders. I work primarily using solution-focused therapy. I specialise in creating a safe, non-judgmental space for clients to explore their concerns. I have over a decade of experience in private practice."
31,Prefer not to say,Other,Yes,David Brown,MSc Psychotherapy,Unverified,5,Wed-Fri,Family Therapist,07408 569 1510,Waitlist,"I am an experienced family therapist with experience in offering help with family conflict and grief and loss. I work primarily using person-centred therapy. I specialise in creating a safe, non-judgmental space for clients to explore their concerns. I have a background in crisis intervention."
37,Non-binary,Online Only,Yes,Emma Wilson,PhD Clinical Psychology,Verified,4,Mon-Wed,Art Therapist,07162 590 7580,Accepting,"I am a qualified art therapist with experience in offering help with generational trauma and self-esteem and confidence. I work primarily using cognitive behavioural therapy (CBT). I specialise in creating a safe, non-judgmental space for clients to explore their concerns. I have experience supporting individuals through major life transitions."
28,Non-binary,USA,Yes,Alice Smith,PhD Clinical Psychology,Unverified,3,Tue-Thu,Counsellor,07536 802 2768,Accepting,"I am a qualified counsellor with experience in offering help with stress and burnout and life transitions. I work primarily using schema therapy. I specialise in creating a safe, non-judgmental space for clients to explore their concerns. I have over a decade of experience in private practice."
21,Non-binary,UK,No,David Brown,PhD Clinical Psychology,Verified,1,Mon-Wed,Family Therapist,07602 829 8267,Accepting,"I am an experienced family therapist with experience in offering help with grief and loss and addiction and recovery. I work primarily using person-centred therapy. I specialise in creating a safe, non-judgmental space for clients to explore their concerns. I trained at a leading London institution."
50,Prefer not to say,Australia,No,David Brown,PhD Clinical Psychology,Unverified,4,Mon-Wed,EMDR Therapist,07175 182 6277,Not Accepting,"I am an experienced emdr therapist with experience in offering help with relationship issues and self-esteem and confidence. I work primarily using integrative therapy. I specialise in creating a safe, non-judgmental space for clients to explore their concerns. I have worked in both NHS and private settings."
51,Non-binary,Online Only,No,Emma Wilson,MSc Psychotherapy,Verified,4,Tue-Thu,Art Therapist,07722 251 2076,Waitlist,"I am an experienced art therapist with experience in offering help with intercultural issues and trauma and PTSD. I work primarily using mindfulness-based therapy. I specialise in creating a safe, non-judgmental space for clients to explore their concerns. I have experience working with diverse and multicultural populations."
49,Female,India,Yes,Bob Jones,MA Psychology,Unverified,0,Wed-Fri,Clinical Psychologist,07229 381 9984,Accepting,"I am an experienced clinical psychologist with experience in offering help with phobias and trauma and PTSD. I work primarily using psychodynamic therapy. I specialise in creating a safe, non-judgmental space for clients to explore their concerns. I previously worked with young people in educational settings."
37,Female,Online Only,Yes,David Brown,MSc Psychotherapy,Unverified,1,Mon-Wed,EMDR Therapist,07829 432 7240,Not Accepting,"I am a qualified emdr therapist with experience in offering help with life transitions and intercultural issues. I work primarily using acceptance and commitment therapy (ACT). I specialise in creating a safe, non-judgmental space for clients to explore their concerns. I previously worked with young people in educational settings."
55,Non-binary,Canada,Yes,David Brown,MA Counseling,Verified,1,Wed-Fri,Family Therapist,07711 643 5831,Not Accepting,"I am an experienced family therapist with experience in offering help with eating disorders and depression and anxiety. I work primarily using person-centred therapy. I specialise in creating a safe, non-judgmental space for clients to explore their concerns. I previously worked with young people in educational settings."
62,Female,Germany,Yes,David Brown,PhD Clinical Psychology,Verified,1,Wed-Fri,EMDR Therapist,07564 617 8048,Not Accepting,"I am an experienced emdr therapist with experience in offering help with early childhood trauma and family conflict. I work primarily using person-centred therapy. I specialise in creating a safe, non-judgmental space for clients to explore their concerns. I have worked extensively with both individuals and couples."
37,Prefer not to say,Australia,Yes,Bob Jones,MSc Psychotherapy,Verified,0,Wed-Fri,Clinical Psychologist,07201 912 2874,Not Accepting,"I am a qualified clinical psychologist with experience in offering help with intercultural issues and personality disorders. I work primarily using person-centred therapy. I specialise in creating a safe, non-judgmental space for clients to explore their concerns. I have experience supporting individuals through major life transitions."
28,Male,Germany,No,Bob Jones,MA Counseling,Unverified,1,Mon-Wed,CBT Therapist,07973 770 4522,Waitlist,"I am an experienced cbt therapist with experience in offering help with eating disorders and personality disorders. I work primarily using acceptance and commitment therapy (ACT). I specialise in creating a safe, non-judgmental space for clients to explore their concerns. I have experience supporting individuals through major life transitions."
22,Male,Online Only,Yes,Alice Smith,MSc Psychotherapy,Unverified,0,Tue-Thu,Psychotherapist,07540 562 4743,Accepting,"I am an experienced psychotherapist with experience in offering help with bipolar disorder and eating disorders. I work primarily using mindfulness-based therapy. I specialise in creating a safe, non-judgmental space for clients to explore their concerns. I trained at a leading London institution."
43,Prefer not to say,India,No,Alice Smith,PhD Clinical Psychology,Unverified,3,Mon-Fri,Counsellor,07523 447 8430,Accepting,"I am a qualified counsellor with experience in offering help with family conflict and self-esteem and confidence. I work primarily using psychodynamic therapy. I specialise in creating a safe, non-judgmental space for clients to explore their concerns. I previously worked in addiction services."
50,Female,Online Only,No,David Brown,PhD Clinical Psychology,Unverified,0,Tue-Thu,EMDR Therapist,07508 525 2557,Accepting,"I am an accredited emdr therapist with experience in offering help with intercultural issues and bipolar disorder. I work primarily using integrative therapy. I specialise in creating a safe, non-judgmental space for clients to explore their concerns. I have experience working with diverse and multicultural populations."
30,Prefer not to say,Germany,Yes,Bob Jones,MA Counseling,Verified,2,Mon-Wed,Clinical Psychologist,07420 537 6120,Accepting,"I am a qualified clinical psychologist with experience in offering help with bereavement and grief and loss. I work primarily using EMDR. I specialise in creating a safe, non-judgmental space for clients to explore their concerns. I formerly worked in frontline mental health services."
40,Male,Australia,Yes,Bob Jones,MSc Psychotherapy,Unverified,5,Tue-Thu,CBT Therapist,07781 361 7132,Not Accepting,"I am a qualified cbt therapist with experience in offering help with life transitions and bereavement. I work primarily using dialectical behaviour therapy (DBT). I specialise in creating a safe, non-judgmental space for clients to explore their concerns. I have experience working with diverse and multicultural populations."
47,Prefer not to say,UK,Yes,Emma Wilson,PhD Clinical Psychology,Unverified,1,Mon-Fri,Occupational Therapist,07256 803 8770,Not Accepting,"I am a qualified occupational therapist with experience in offering help with generational trauma and intercultural issues. I work primarily using integrative therapy. I specialise in creating a safe, non-judgmental space for clients to explore their concerns. I previously worked with young people in educational settings."
63,Male,USA,No,David Brown,MA Counseling,Unverified,2,Tue-Thu,Family Therapist,07168 193 2398,Accepting,"I am an experienced family therapist with experience in offering help with bereavement and grief and loss. I work primarily using acceptance and commitment therapy (ACT). I specialise in creating a safe, non-judgmental space for clients to explore their concerns. I have experience supporting individuals through major life transitions."
47,Non-binary,India,No,Alice Smith,MSc Psychotherapy,Verified,2,Mon-Wed,Psychotherapist,07195 542 2582,Not Accepting,"I am a qualified psychotherapist with experience in offering help with OCD and addiction and recovery. I work primarily using acceptance and commitment therapy (ACT). I specialise in creating a safe, non-judgmental space for clients to explore their concerns. I previously worked in addiction services."
31,Male,Germany,Yes,Emma Wilson,MSc Psychotherapy,Unverified,3,Wed-Fri,Occupational Therapist,07862 856 7105,Not Accepting,"I am an experienced occupational therapist with experience in offering help with complex trauma and bipolar disorder. I work primarily using EMDR. I specialise in creating a safe, non-judgmental space for clients to explore their concerns. I have over a decade of experience in private practice."
19,Non-binary,UK,Yes,Bob Jones,MA Counseling,Unverified,4,Mon-Fri,Clinical Psychologist,07931 233 1982,Accepting,"I am an experienced clinical psychologist with experience in offering help with life transitions and family conflict. I work primarily using EMDR. I specialise in creating a safe, non-judgmental space for clients to explore their concerns. I have experience supporting individuals through major life transitions."
57,Female,Online Only,No,Alice Smith,MSc Psychotherapy,Unverified,3,Tue-Thu,Counsellor,07700 675 6400,Not Accepting,"I am an experienced counsellor with experience in offering help with trauma and PTSD and workplace issues. I work primarily using cognitive behavioural therapy (CBT). I specialise in creating a safe, non-judgmental space for clients to explore their concerns. I have worked in both NHS and private settings."
34,Female,Australia,No,David Brown,MSc Psychotherapy,Verified,5,Mon-Wed,Family Therapist,07786 225 7730,Not Accepting,"I am an experienced family therapist with experience in offering help with trauma and PTSD and depression and anxiety. I work primarily using solution-focused therapy. I specialise in creating a safe, non-judgmental space for clients to explore their concerns. I have over a decade of experience in private practice."
52,Female,Germany,No,Bob Jones,PhD Clinical Psychology,Unverified,0,Mon-Fri,CBT Therapist,07462 994 7929,Accepting,"I am an accredited cbt therapist with experience in offering help with grief and loss and relationship issues. I work primarily using EMDR. I specialise in creating a safe, non-judgmental space for clients to explore their concerns. I formerly worked in frontline mental health services."
65,Female,Online Only,Yes,David Brown,PhD Clinical Psychology,Verified,5,Mon-Fri,Family Therapist,07988 838 1842,Waitlist,"I am an experienced family therapist with experience in offering help with workplace issues and self-esteem and confidence. I work primarily using integrative therapy. I specialise in creating a safe, non-judgmental space for clients to explore their concerns. I formerly worked in frontline mental health services."
30,Male,Australia,No,Emma Wilson,PhD Clinical Psychology,Verified,0,Tue-Thu,Occupational Therapist,07394 714 6119,Waitlist,"I am an accredited occupational therapist with experience in offering help with phobias and family conflict. I work primarily using acceptance and commitment therapy (ACT). I specialise in creating a safe, non-judgmental space for clients to explore their concerns. I formerly worked in frontline mental health services."
63,Male,Other,Yes,Emma Wilson,MA Counseling,Verified,1,Mon-Wed,Occupational Therapist,07460 206 9313,Accepting,"I am an accredited occupational therapist with experience in offering help with life transitions and phobias. I work primarily using solution-focused therapy. I specialise in creating a safe, non-judgmental space for clients to explore their concerns. I formerly worked in frontline mental health services."
61,Non-binary,India,No,Emma Wilson,MA Psychology,Unverified,2,Mon-Wed,Art Therapist,07317 258 8900,Accepting,"I am an accredited art therapist with experience in offering help with workplace issues and addiction and recovery. I work primarily using schema therapy. I specialise in creating a safe, non-judgmental space for clients to explore their concerns. I have a background in crisis intervention."
63,Prefer not to say,Germany,No,Carol White,MSc Psychotherapy,Verified,3,Mon-Fri,Psychodynamic Therapist,07329 967 2773,Accepting,"I am an accredited psychodynamic therapist with experience in offering help with workplace issues and stress and burnout. I work primarily using EMDR. I specialise in creating a safe, non-judgmental space for clients to explore their concerns. I have worked in both NHS and private settings."
62,Male,USA,No,David Brown,MA Counseling,Verified,4,Mon-Fri,Family Therapist,07458 965 7022,Not Accepting,"I am an experienced family therapist with experience in offering help with workplace issues and generational trauma. I work primarily using person-centred therapy. I specialise in creating a safe, non-judgmental space for clients to explore their concerns. I previously worked with young people in educational settings."
38,Prefer not to say,USA,Yes,Emma Wilson,MA Psychology,Verified,3,Wed-Fri,Art Therapist,07217 880 5564,Waitlist,"I am a qualified art therapist with experience in offering help with workplace issues and addiction and recovery. I work primarily using integrative therapy. I specialise in creating a safe, non-judgmental space for clients to explore their concerns. I have a background in crisis intervention."
63,Male,USA,No,Emma Wilson,MA Psychology,Verified,1,Tue-Thu,Occupational Therapist,07687 331 8030,Accepting,"I am an experienced occupational therapist with experience in offering help with relationship issues and bipolar disorder. I work primarily using solution-focused therapy. I specialise in creating a safe, non-judgmental space for clients to explore their concerns. I previously worked in addiction services."
62,Female,Australia,Yes,David Brown,MA Counseling,Verified,3,Wed-Fri,EMDR Therapist,07965 674 1430,Not Accepting,"I am an experienced emdr therapist with experience in offering help with grief and loss and phobias. I work primarily using mindfulness-based therapy. I specialise in creating a safe, non-judgmental space for clients to explore their concerns. I have worked in both NHS and private settings."
55,Male,Online Only,No,Emma Wilson,MA Psychology,Unverified,4,Mon-Fri,Occupational Therapist,07723 773 5381,Accepting,"I am a qualified occupational therapist with experience in offering help with trauma and PTSD and relationship issues. I work primarily using solution-focused therapy. I specialise in creating a safe, non-judgmental space for clients to explore their concerns. I have experience working with diverse and multicultural populations."
60,Non-binary,Online Only,No,David Brown,PhD Clinical Psychology,Unverified,4,Mon-Fri,Family Therapist,07129 284 5477,Not Accepting,"I am an experienced family therapist with experience in offering help with life transitions and family conflict. I work primarily using cognitive behavioural therapy (CBT). I specialise in creating a safe, non-judgmental space for clients to explore their concerns. I formerly worked in frontline mental health services."
41,Female,USA,Yes,Bob Jones,MA Counseling,Unverified,2,Mon-Wed,CBT Therapist,07819 880 6062,Not Accepting,"I am an experienced cbt therapist with experience in offering help with complex trauma and relationship issues. I work primarily using acceptance and commitment therapy (ACT). I specialise in creating a safe, non-judgmental space for clients to explore their concerns. I have experience working with diverse and multicultural populations."
37,Female,UK,No,David Brown,MSc Psychotherapy,Verified,2,Mon-Wed,Family Therapist,07447 459 1100,Accepting,"I am an accredited family therapist with experience in offering help with OCD and bereavement. I work primarily using psychodynamic therapy. I specialise in creating a safe, non-judgmental space for clients to explore their concerns. I have experience supporting individuals through major life transitions."
21,Non-binary,Australia,No,David Brown,PhD Clinical Psychology,Unverified,1,Wed-Fri,Family Therapist,07285 990 3347,Not Accepting,"I am a qualified family therapist with experience in offering help with grief and loss and intercultural issues. I work primarily using dialectical behaviour therapy (DBT). I specialise in creating a safe, non-judgmental space for clients to explore their concerns. I previously worked in addiction services."
32,Non-binary,Canada,Yes,Carol White,MSc Psychotherapy,Verified,2,Mon-Fri,Mental Health Counsellor,07679 773 7566,Waitlist,"I am an experienced mental health counsellor with experience in offering help with trauma and PTSD and relationship issues. I work primarily using mindfulness-based therapy. I specialise in creating a safe, non-judgmental space for clients to explore their concerns. I have experience supporting individuals through major life transitions."
58,Male,Germany,No,Bob Jones,MA Psychology,Verified,5,Tue-Thu,Clinical Psychologist,07171 245 1502,Not Accepting,"I am an accredited clinical psychologist with experience in offering help with trauma and PTSD and complex trauma. I work primarily using integrative therapy. I specialise in creating a safe, non-judgmental space for clients to explore their concerns. I formerly worked in frontline mental health services."
32,Prefer not to say,Germany,No,Carol White,PhD Clinical Psychology,Unverified,5,Mon-Wed,Mental Health Counsellor,07193 864 9691,Accepting,"I am a qualified mental health counsellor with experience in offering help with bereavement and generational trauma. I work primarily using solution-focused therapy. I specialise in creating a safe, non-judgmental space for clients to explore their concerns. I have worked in both NHS and private settings."
27,Prefer not to say,UK,Yes,Emma Wilson,MSc Psychotherapy,Unverified,0,Mon-Wed,Occupational Therapist,07320 485 7878,Waitlist,"I am a qualified occupational therapist with experience in offering help with complex trauma and bereavement. I work primarily using person-centred therapy. I specialise in creating a safe, non-judgmental space for clients to explore their concerns. I have worked extensively with both individuals and couples."
24,Female,Australia,Yes,David Brown,MA Counseling,Verified,2,Mon-Fri,Family Therapist,07564 449 3578,Not Accepting,"I am an experienced family therapist with experience in offering help with life transitions and OCD. I work primarily using solution-focused therapy. I specialise in creating a safe, non-judgmental space for clients to explore their concerns. I have over a decade of experience in private practice."
22,Non-binary,Other,No,Bob Jones,MA Psychology,Verified,0,Tue-Thu,Clinical Psychologist,07478 419 6314,Accepting,"I am an accredited clinical psychologist with experience in offering help with relationship issues and workplace issues. I work primarily using integrative therapy. I specialise in creating a safe, non-judgmental space for clients to explore their concerns. I formerly worked in frontline mental health services."
42,Non-binary,Other,Yes,Carol White,MSc Psychotherapy,Unverified,3,Wed-Fri,Mental Health Counsellor,07895 681 2391,Accepting,"I am an experienced mental health counsellor with experience in offering help with stress and burnout and grief and loss. I work primarily using psychodynamic therapy. I specialise in creating a safe, non-judgmental space for clients to explore their concerns. I trained at a leading London institution."
53,Male,UK,No,David Brown,MA Psychology,Unverified,0,Tue-Thu,Family Therapist,07153 259 3579,Accepting,"I am an experienced family therapist with experience in offering help with phobias and personality disorders. I work primarily using integrative therapy. I specialise in creating a safe, non-judgmental space for clients to explore their concerns. I formerly worked in frontline mental health services."
27,Prefer not to say,Online Only,Yes,Alice Smith,MSc Psychotherapy,Unverified,1,Mon-Fri,Counsellor,07872 732 1815,Not Accepting,"I am a qualified counsellor with experience in offering help with addiction and recovery and self-esteem and confidence. I work primarily using acceptance and commitment therapy (ACT). I specialise in creating a safe, non-judgmental space for clients to explore their concerns. I previously worked with young people in educational settings."
62,Non-binary,Germany,No,Carol White,MA Counseling,Verified,4,Tue-Thu,Mental Health Counsellor,07790 183 5458,Accepting,"I am an experienced mental health counsellor with experience in offering help with life transitions and personality disorders. I work primarily using solution-focused therapy. I specialise in creating a safe, non-judgmental space for clients to explore their concerns. I have over a decade of experience in private practice."
46,Female,India,No,Bob Jones,PhD Clinical Psychology,Verified,1,Tue-Thu,Clinical Psychologist,07553 777 7947,Waitlist,"I am a qualified clinical psychologist with experience in offering help with bereavement and personality disorders. I work primarily using psychodynamic therapy. I specialise in creating a safe, non-judgmental space for clients to explore their concerns. I have worked extensively with both individuals and couples."
19,Male,UK,Yes,Carol White,MSc Psychotherapy,Verified,1,Mon-Fri,Mental Health Counsellor,07597 721 8242,Waitlist,"I am an accredited mental health counsellor with experience in offering help with grief and loss and relationship issues. I work primarily using psychodynamic therapy. I specialise in creating a safe, non-judgmental space for clients to explore their concerns. I have a background in crisis intervention."
19,Female,India,No,Carol White,MA Psychology,Unverified,5,Wed-Fri,Psychodynamic Therapist,07524 379 4531,Accepting,"I am a qualified psychodynamic therapist with experience in offering help with personality disorders and generational trauma. I work primarily using solution-focused therapy. I specialise in creating a safe, non-judgmental space for clients to explore their concerns. I trained at a leading London institution."
36,Female,Online Only,Yes,Carol White,MA Counseling,Verified,1,Tue-Thu,Psychodynamic Therapist,07873 624 2864,Waitlist,"I am a qualified psychodynamic therapist with experience in offering help with early childhood trauma and relationship issues. I work primarily using cognitive behavioural therapy (CBT). I specialise in creating a safe, non-judgmental space for clients to explore their concerns. I have a background in crisis intervention."
36,Male,India,Yes,Emma Wilson,PhD Clinical Psychology,Verified,5,Mon-Fri,Occupational Therapist,07453 540 2816,Not Accepting,"I am an accredited occupational therapist with experience in offering help with bipolar disorder and addiction and recovery. I work primarily using psychodynamic therapy. I specialise in creating a safe, non-judgmental space for clients to explore their concerns. I have over a decade of experience in private practice."
19,Prefer not to say,India,No,Alice Smith,MA Psychology,Verified,1,Tue-Thu,Counsellor,07390 794 8972,Waitlist,"I am an experienced counsellor with experience in offering help with complex trauma and stress and burnout. I work primarily using acceptance and commitment therapy (ACT). I specialise in creating a safe, non-judgmental space for clients to explore their concerns. I have experience supporting individuals through major life transitions."
21,Non-binary,Canada,Yes,Bob Jones,MA Counseling,Unverified,2,Mon-Fri,CBT Therapist,07639 783 6053,Not Accepting,"I am an accredited cbt therapist with experience in offering help with workplace issues and stress and burnout. I work primarily using psychodynamic therapy. I specialise in creating a safe, non-judgmental space for clients to explore their concerns. I formerly worked in frontline mental health services."
27,Non-binary,India,Yes,Bob Jones,MA Psychology,Unverified,5,Wed-Fri,CBT Therapist,07146 325 7475,Accepting,"I am an experienced cbt therapist with experience in offering help with bipolar disorder and life transitions. I work primarily using psychodynamic therapy. I specialise in creating a safe, non-judgmental space for clients to explore their concerns. I have worked extensively with both individuals and couples."
26,Non-binary,India,No,Bob Jones,MA Counseling,Verified,3,Mon-Wed,Clinical Psychologist,07713 156 1125,Not Accepting,"I am a qualified clinical psychologist with experience in offering help with OCD and personality disorders. I work primarily using cognitive behavioural therapy (CBT). I specialise in creating a safe, non-judgmental space for clients to explore their concerns. I have a background in crisis intervention."
56,Male,USA,No,David Brown,PhD Clinical Psychology,Unverified,4,Wed-Fri,EMDR Therapist,07309 408 4460,Waitlist,"I am an experienced emdr therapist with experience in offering help with personality disorders and relationship issues. I work primarily using schema therapy. I specialise in creating a safe, non-judgmental space for clients to explore their concerns. I previously worked with young people in educational settings."
59,Female,Other,No,Bob Jones,PhD Clinical Psychology,Verified,0,Mon-Wed,CBT Therapist,07885 240 5186,Accepting,"I am an accredited cbt therapist with experience in offering help with workplace issues and complex trauma. I work primarily using solution-focused therapy. I specialise in creating a safe, non-judgmental space for clients to explore their concerns. I have over a decade of experience in private practice."
36,Female,UK,Yes,Bob Jones,MA Psychology,Unverified,5,Mon-Wed,Clinical Psychologist,07396 435 2965,Waitlist,"I am an accredited clinical psychologist with experience in offering help with addiction and recovery and eating disorders. I work primarily using mindfulness-based therapy. I specialise in creating a safe, non-judgmental space for clients to explore their concerns. I previously worked in addiction services."
32,Male,Online Only,Yes,Alice Smith,MA Counseling,Unverified,0,Tue-Thu,Counsellor,07107 609 8055,Not Accepting,"I am a qualified counsellor with experience in offering help with relationship issues and complex trauma. I work primarily using solution-focused therapy. I specialise in creating a safe, non-judgmental space for clients to explore their concerns. I have a background in crisis intervention."
53,Non-binary,Other,No,David Brown,MSc Psychotherapy,Unverified,3,Mon-Fri,EMDR Therapist,07279 232 7229,Accepting,"I am a qualified emdr therapist with experience in offering help with eating disorders and family conflict. I work primarily using psychodynamic therapy. I specialise in creating a safe, non-judgmental space for clients to explore their concerns. I trained at a leading London institution."
38,Non-binary,Online Only,No,David Brown,PhD Clinical Psychology,Unverified,1,Mon-Fri,EMDR Therapist,07645 820 4770,Accepting,"I am an accredited emdr therapist with experience in offering help with grief and loss and family conflict. I work primarily using dialectical behaviour therapy (DBT). I specialise in creating a safe, non-judgmental space for clients to explore their concerns. I have worked extensively with both individuals and couples."
22,Female,USA,Yes,Carol White,MSc Psychotherapy,Unverified,5,Mon-Fri,Psychodynamic Therapist,07612 672 6802,Not Accepting,"I am an accredited psychodynamic therapist with experience in offering help with self-esteem and confidence and early childhood trauma. I work primarily using EMDR. I specialise in creating a safe, non-judgmental space for clients to explore their concerns. I have a background in crisis intervention."
29,Male,India,Yes,Emma Wilson,MSc Psychotherapy,Verified,1,Wed-Fri,Occupational Therapist,07173 506 1693,Accepting,"I am a qualified occupational therapist with experience in offering help with personality disorders and OCD. I work primarily using dialectical behaviour therapy (DBT). I specialise in creating a safe, non-judgmental space for clients to explore their concerns. I have experience working with diverse and multicultural populations."
26,Non-binary,Other,Yes,David Brown,MA Psychology,Unverified,4,Wed-Fri,Family Therapist,07546 119 8532,Waitlist,"I am an accredited family therapist with experience in offering help with self-esteem and confidence and OCD. I work primarily using solution-focused therapy. I specialise in creating a safe, non-judgmental space for clients to explore their concerns. I have worked extensively with both individuals and couples."
48,Male,UK,Yes,David Brown,MA Psychology,Unverified,0,Wed-Fri,EMDR Therapist,07179 982 6129,Waitlist,"I am a qualified emdr therapist with experience in offering help with eating disorders and OCD. I work primarily using dialectical behaviour therapy (DBT). I specialise in creating a safe, non-judgmental space for clients to explore their concerns. I previously worked with young people in educational settings."
24,Male,India,No,Alice Smith,MA Psychology,Unverified,1,Wed-Fri,Psychotherapist,07689 539 7626,Accepting,"I am a qualified psychotherapist with experience in offering help with OCD and complex trauma. I work primarily using solution-focused therapy. I specialise in creating a safe, non-judgmental space for clients to explore their concerns. I trained at a leading London institution."
32,Non-binary,Australia,Yes,Bob Jones,MA Counseling,Verified,2,Tue-Thu,Clinical Psychologist,07826 755 7843,Waitlist,"I am a qualified clinical psychologist with experience in offering help with family conflict and bereavement. I work primarily using person-centred therapy. I specialise in creating a safe, non-judgmental space for clients to explore their concerns. I trained at a leading London institution."
41,Non-binary,Online Only,No,David Brown,PhD Clinical Psychology,Unverified,4,Tue-Thu,EMDR Therapist,07396 217 7636,Accepting,"I am an experienced emdr therapist with experience in offering help with addiction and recovery and personality disorders. I work primarily using integrative therapy. I specialise in creating a safe, non-judgmental space for clients to explore their concerns. I have worked in both NHS and private settings."
25,Non-binary,Australia,No,David Brown,PhD Clinical Psychology,Verified,2,Mon-Wed,EMDR Therapist,07121 432 3815,Accepting,"I am an experienced emdr therapist with experience in offering help with intercultural issues and bereavement. I work primarily using schema therapy. I specialise in creating a safe, non-judgmental space for clients to explore their concerns. I have over a decade of experience in private practice."
28,Female,Germany,No,Emma Wilson,MSc Psychotherapy,Verified,5,Mon-Wed,Art Therapist,07920 732 8538,Not Accepting,"I am a qualified art therapist with experience in offering help with life transitions and depression and anxiety. I work primarily using acceptance and commitment therapy (ACT). I specialise in creating a safe, non-judgmental space for clients to explore their concerns. I previously worked with young people in educational settings."
58,Non-binary,Online Only,Yes,Alice Smith,MA Psychology,Unverified,5,Mon-Fri,Psychotherapist,07951 806 6928,Accepting,"I am an accredited psychotherapist with experience in offering help with eating disorders and relationship issues. I work primarily using solution-focused therapy. I specialise in creating a safe, non-judgmental space for clients to explore their concerns. I previously worked in addiction services."
63,Male,Canada,Yes,Emma Wilson,MA Counseling,Verified,5,Wed-Fri,Art Therapist,07190 547 2734,Accepting,"I am an experienced art therapist with experience in offering help with eating disorders and grief and loss. I work primarily using mindfulness-based therapy. I specialise in creating a safe, non-judgmental space for clients to explore their concerns. I have over a decade of experience in private practice."
21,Female,Online Only,No,David Brown,PhD Clinical Psychology,Verified,2,Tue-Thu,EMDR Therapist,07349 546 7560,Waitlist,"I am an experienced emdr therapist with experience in offering help with stress and burnout and personality disorders. I work primarily using psychodynamic therapy. I specialise in creating a safe, non-judgmental space for clients to explore their concerns. I previously worked in addiction services."
56,Female,UK,No,David Brown,MA Counseling,Unverified,3,Mon-Wed,Family Therapist,07636 180 7484,Accepting,"I am an experienced family therapist with experience in offering help with family conflict and bereavement. I work primarily using solution-focused therapy. I specialise in creating a safe, non-judgmental space for clients to explore their concerns. I have experience supporting individuals through major life transitions."
38,Female,UK,Yes,Alice Smith,MA Psychology,Verified,3,Mon-Fri,Psychotherapist,07991 417 6562,Accepting,"I am an experienced psychotherapist with experience in offering help with stress and burnout and life transitions. I work primarily using cognitive behavioural therapy (CBT). I specialise in creating a safe, non-judgmental space for clients to explore their concerns. I trained at a leading London institution."
23,Female,India,No,Carol White,MA Psychology,Verified,2,Mon-Fri,Psychodynamic Therapist,07326 441 3754,Not Accepting,"I am an experienced psychodynamic therapist with experience in offering help with life transitions and relationship issues. I work primarily using psychodynamic therapy. I specialise in creating a safe, non-judgmental space for clients to explore their concerns. I previously worked with young people in educational settings."
36,Female,Germany,Yes,Carol White,PhD Clinical Psychology,Unverified,3,Wed-Fri,Mental Health Counsellor,07178 622 2868,Accepting,"I am an experienced mental health counsellor with experience in offering help with bipolar disorder and complex trauma. I work primarily using dialectical behaviour therapy (DBT). I specialise in creating a safe, non-judgmental space for clients to explore their concerns. I formerly worked in frontline mental health services."
54,Prefer not to say,Australia,Yes,David Brown,MSc Psychotherapy,Verified,2,Wed-Fri,EMDR Therapist,07643 622 4176,Waitlist,"I am an accredited emdr therapist with experience in offering help with personality disorders and OCD. I work primarily using solution-focused therapy. I specialise in creating a safe, non-judgmental space for clients to explore their concerns. I have worked in both NHS and private settings."
35,Female,Other,Yes,David Brown,MSc Psychotherapy,Unverified,1,Mon-Fri,EMDR Therapist,07894 457 6752,Not Accepting,"I am an experienced emdr therapist with experience in offering help with early childhood trauma and addiction and recovery. I work primarily using person-centred therapy. I specialise in creating a safe, non-judgmental space for clients to explore their concerns. I have experience supporting individuals through major life transitions."
43,Female,India,Yes,Emma Wilson,MA Psychology,Unverified,3,Wed-Fri,Occupational Therapist,07844 938 3419,Accepting,"I am an accredited occupational therapist with experience in offering help with workplace issues and life transitions. I work primarily using dialectical behaviour therapy (DBT). I specialise in creating a safe, non-judgmental space for clients to explore their concerns. I have worked extensively with both individuals and couples."
43,Prefer not to say,USA,Yes,Emma Wilson,MA Psychology,Verified,2,Wed-Fri,Occupational Therapist,07341 205 3399,Accepting,"I am an experienced occupational therapist with experience in offering help with self-esteem and confidence and bipolar disorder. I work primarily using solution-focused therapy. I specialise in creating a safe, non-judgmental space for clients to explore their concerns. I previously worked in addiction services."
52,Non-binary,Australia,Yes,Emma Wilson,MSc Psychotherapy,Unverified,5,Mon-Wed,Art Therapist,07362 302 3842,Waitlist,"I am an accredited art therapist with experience in offering help with bereavement and workplace issues. I work primarily using EMDR. I specialise in creating a safe, non-judgmental space for clients to explore their concerns. I trained at a leading London institution."
63,Non-binary,Australia,No,Bob Jones,MA Psychology,Unverified,4,Mon-Wed,Clinical Psychologist,07716 256 2234,Accepting,"I am an accredited clinical psychologist with experience in offering help with family conflict and early childhood trauma. I work primarily using mindfulness-based therapy. I specialise in creating a safe, non-judgmental space for clients to explore their concerns. I have experience working with diverse and multicultural populations."
39,Non-binary,Australia,No,David Brown,PhD Clinical Psychology,Verified,4,Mon-Wed,Family Therapist,07281 891 9095,Not Accepting,"I am a qualified family therapist with experience in offering help with early childhood trauma and generational trauma. I work primarily using integrative therapy. I specialise in creating a safe, non-judgmental space for clients to explore their concerns. I have a background in crisis intervention."
45,Non-binary,Online Only,No,Bob Jones,PhD Clinical Psychology,Unverified,3,Tue-Thu,Clinical Psychologist,07575 872 8354,Accepting,"I am a qualified clinical psychologist with experience in offering help with self-esteem and confidence and intercultural issues. I work primarily using schema therapy. I specialise in creating a safe, non-judgmental space for clients to explore their concerns. I previously worked in addiction services."
44,Prefer not to say,Online Only,Yes,Carol White,MA Counseling,Verified,4,Wed-Fri,Mental Health Counsellor,07797 678 6295,Not Accepting,"I am a qualified mental health counsellor with experience in offering help with family conflict and early childhood trauma. I work primarily using acceptance and commitment therapy (ACT). I specialise in creating a safe, non-judgmental space for clients to explore their concerns. I previously worked in addiction services."
44,Prefer not to say,Online Only,No,David Brown,MSc Psychotherapy,Verified,0,Mon-Wed,EMDR Therapist,07984 742 6179,Not Accepting,"I am an accredited emdr therapist with experience in offering help with relationship issues and eating disorders. I work primarily using cognitive behavioural therapy (CBT). I specialise in creating a safe, non-judgmental space for clients to explore their concerns. I have worked in both NHS and private settings."
35,Male,UK,No,David Brown,MA Psychology,Unverified,0,Mon-Wed,Family Therapist,07254 550 2118,Not Accepting,"I am an experienced family therapist with experience in offering help with OCD and early childhood trauma. I work primarily using EMDR. I specialise in creating a safe, non-judgmental space for clients to explore their concerns. I previously worked with young people in educational settings."
63,Female,UK,Yes,Alice Smith,MA Counseling,Unverified,4,Mon-Fri,Psychotherapist,07580 552 5961,Accepting,"I am an experienced psychotherapist with experience in offering help with complex trauma and life transitions. I work primarily using EMDR. I specialise in creating a safe, non-judgmental space for clients to explore their concerns. I trained at a leading London institution."
46,Female,Online Only,Yes,David Brown,PhD Clinical Psychology,Verified,5,Mon-Wed,EMDR Therapist,07915 381 1920,Not Accepting,"I am an experienced emdr therapist with experience in offering help with stress and burnout and self-esteem and confidence. I work primarily using person-centred therapy. I specialise in creating a safe, non-judgmental space for clients to explore their concerns. I have experience working with diverse and multicultural populations."
30,Male,Australia,No,Carol White,MSc Psychotherapy,Verified,2,Mon-Fri,Psychodynamic Therapist,07460 619 2215,Accepting,"I am an accredited psychodynamic therapist with experience in offering help with complex trauma and phobias. I work primarily using solution-focused therapy. I specialise in creating a safe, non-judgmental space for clients to explore their concerns. I have experience working with diverse and multicultural populations."
26,Prefer not to say,Germany,Yes,David Brown,PhD Clinical Psychology,Unverified,4,Wed-Fri,EMDR Therapist,07417 572 8404,Accepting,"I am a qualified emdr therapist with experience in offering help with phobias and intercultural issues. I work primarily using acceptance and commitment therapy (ACT). I specialise in creating a safe, non-judgmental space for clients to explore their concerns. I have worked extensively with both individuals and couples."
47,Prefer not to say,Other,No,Bob Jones,MA Psychology,Unverified,5,Mon-Fri,CBT Therapist,07138 158 7041,Not Accepting,"I am a qualified cbt therapist with experience in offering help with personality disorders and depression and anxiety. I work primarily using person-centred therapy. I specialise in creating a safe, non-judgmental space for clients to explore their concerns. I previously worked with young people in educational settings."
61,Non-binary,Australia,No,David Brown,MA Counseling,Verified,4,Mon-Wed,Family Therapist,07951 393 2257,Accepting,"I am an accredited family therapist with experience in offering help with relationship issues and bereavement. I work primarily using psychodynamic therapy. I specialise in creating a safe, non-judgmental space for clients to explore their concerns. I have experience supporting individuals through major life transitions."
57,Male,Germany,Yes,Bob Jones,MA Psychology,Unverified,4,Tue-Thu,CBT Therapist,07760 984 2479,Not Accepting,"I am an accredited cbt therapist with experience in offering help with bipolar disorder and OCD. I work primarily using person-centred therapy. I specialise in creating a safe, non-judgmental space for clients to explore their concerns. I previously worked in addiction services."
43,Non-binary,Canada,No,Emma Wilson,MA Psychology,Verified,2,Tue-Thu,Art Therapist,07729 708 9307,Accepting,"I am an experienced art therapist with experience in offering help with addiction and recovery and family conflict. I work primarily using schema therapy. I specialise in creating a safe, non-judgmental space for clients to explore their concerns. I trained at a leading London institution."
25,Female,USA,No,Emma Wilson,MSc Psychotherapy,Unverified,2,Wed-Fri,Occupational Therapist,07493 573 1672,Not Accepting,"I am a qualified occupational therapist with experience in offering help with personality disorders and phobias. I work primarily using dialectical behaviour therapy (DBT). I specialise in creating a safe, non-judgmental space for clients to explore their concerns. I have worked in both NHS and private settings."
61,Prefer not to say,India,Yes,Alice Smith,MSc Psychotherapy,Verified,5,Mon-Wed,Psychotherapist,07560 929 4084,Accepting,"I am an experienced psychotherapist with experience in offering help with bipolar disorder and self-esteem and confidence. I work primarily using dialectical behaviour therapy (DBT). I specialise in creating a safe, non-judgmental space for clients to explore their concerns. I have over a decade of experience in private practice."
26,Prefer not to say,UK,Yes,David Brown,MA Psychology,Verified,0,Wed-Fri,EMDR Therapist,07429 719 8792,Not Accepting,"I am a qualified emdr therapist with experience in offering help with eating disorders and bereavement. I work primarily using psychodynamic therapy. I specialise in creating a safe, non-judgmental space for clients to explore their concerns. I have over a decade of experience in private practice."
36,Prefer not to say,Germany,No,Emma Wilson,MSc Psychotherapy,Unverified,3,Mon-Fri,Art Therapist,07613 254 2013,Accepting,"I am an accredited art therapist with experience in offering help with early childhood trauma and grief and loss. I work primarily using mindfulness-based therapy. I specialise in creating a safe, non-judgmental space for clients to explore their concerns. I have worked in both NHS and private settings."
29,Male,Australia,No,Emma Wilson,MA Counseling,Unverified,0,Wed-Fri,Art Therapist,07561 205 6626,Not Accepting,"I am a qualified art therapist with experience in offering help with bipolar disorder and generational trauma. I work primarily using schema therapy. I specialise in creating a safe, non-judgmental space for clients to explore their concerns. I have experience working with diverse and multicultural populations."
43,Female,Online Only,No,Alice Smith,MA Counseling,Unverified,2,Tue-Thu,Psychotherapist,07831 186 9266,Accepting,"I am a qualified psychotherapist with experience in offering help with phobias and generational trauma. I work primarily using dialectical behaviour therapy (DBT). I specialise in creating a safe, non-judgmental space for clients to explore their concerns. I have experience working with diverse and multicultural populations."
25,Male,UK,No,Alice Smith,MA Psychology,Unverified,2,Wed-Fri,Counsellor,07761 276 1641,Accepting,"I am an experienced counsellor with experience in offering help with complex trauma and family conflict. I work primarily using schema therapy. I specialise in creating a safe, non-judgmental space for clients to explore their concerns. I have over a decade of experience in private practice."
43,Female,Online Only,No,David Brown,MA Counseling,Unverified,5,Mon-Fri,EMDR Therapist,07353 824 8172,Accepting,"I am an accredited emdr therapist with experience in offering help with complex trauma and family conflict. I work primarily using mindfulness-based therapy. I specialise in creating a safe, non-judgmental space for clients to explore their concerns. I have over a decade of experience in private practice."
64,Non-binary,Australia,Yes,Bob Jones,MA Psychology,Unverified,2,Mon-Wed,CBT Therapist,07549 636 9564,Accepting,"I am a qualified cbt therapist with experience in offering help with OCD and self-esteem and confidence. I work primarily using dialectical behaviour therapy (DBT). I specialise in creating a safe, non-judgmental space for clients to explore their concerns. I formerly worked in frontline mental health services."
48,Female,Other,Yes,David Brown,MA Counseling,Unverified,2,Wed-Fri,Family Therapist,07724 262 6962,Accepting,"I am a qualified family therapist with experience in offering help with depression and anxiety and family conflict. I work primarily using EMDR. I specialise in creating a safe, non-judgmental space for clients to explore their concerns. I previously worked with young people in educational settings."
62,Female,Online Only,No,Bob Jones,PhD Clinical Psychology,Verified,2,Mon-Fri,CBT Therapist,07481 389 7347,Not Accepting,"I am an experienced cbt therapist with experience in offering help with life transitions and workplace issues. I work primarily using acceptance and commitment therapy (ACT). I specialise in creating a safe, non-judgmental space for clients to explore their concerns. I have experience working with diverse and multicultural populations."
40,Non-binary,Online Only,Yes,Alice Smith,MA Psychology,Verified,5,Tue-Thu,Psychotherapist,07518 893 6543,Not Accepting,"I am an accredited psychotherapist with experience in offering help with family conflict and stress and burnout. I work primarily using acceptance and commitment therapy (ACT). I specialise in creating a safe, non-judgmental space for clients to explore their concerns. I previously worked in addiction services."
33,Non-binary,Online Only,No,Carol White,MA Counseling,Verified,5,Mon-Wed,Mental Health Counsellor,07795 712 1857,Accepting,"I am a qualified mental health counsellor with experience in offering help with relationship issues and bereavement. I work primarily using cognitive behavioural therapy (CBT). I specialise in creating a safe, non-judgmental space for clients to explore their concerns. I previously worked with young people in educational settings."
28,Female,Online Only,No,David Brown,PhD Clinical Psychology,Verified,5,Wed-Fri,EMDR Therapist,07908 746 6482,Accepting,"I am a qualified emdr therapist with experience in offering help with trauma and PTSD and addiction and recovery. I work primarily using person-centred therapy. I specialise in creating a safe, non-judgmental space for clients to explore their concerns. I have experience supporting individuals through major life transitions."
20,Male,UK,Yes,Carol White,MA Psychology,Unverified,2,Wed-Fri,Psychodynamic Therapist,07167 437 2548,Accepting,"I am an experienced psychodynamic therapist with experience in offering help with complex trauma and self-esteem and confidence. I work primarily using dialectical behaviour therapy (DBT). I specialise in creating a safe, non-judgmental space for clients to explore their concerns. I previously worked in addiction services."
58,Male,Australia,No,Bob Jones,MA Counseling,Verified,1,Tue-Thu,Clinical Psychologist,07671 794 7333,Not Accepting,"I am a qualified clinical psychologist with experience in offering help with workplace issues and early childhood trauma. I work primarily using dialectical behaviour therapy (DBT). I specialise in creating a safe, non-judgmental space for clients to explore their concerns. I have worked in both NHS and private settings."
27,Prefer not to say,USA,Yes,David Brown,MA Counseling,Unverified,1,Wed-Fri,Family Therapist,07390 358 3463,Waitlist,"I am an experienced family therapist with experience in offering help with life transitions and bipolar disorder. I work primarily using schema therapy. I specialise in creating a safe, non-judgmental space for clients to explore their concerns. I formerly worked in frontline mental health services."
38,Male,India,No,Carol White,PhD Clinical Psychology,Verified,4,Tue-Thu,Psychodynamic Therapist,07441 183 3317,Not Accepting,"I am an accredited psychodynamic therapist with experience in offering help with self-esteem and confidence and life transitions. I work primarily using person-centred therapy. I specialise in creating a safe, non-judgmental space for clients to explore their concerns. I have experience working with diverse and multicultural populations."
55,Male,Canada,No,Carol White,MSc Psychotherapy,Unverified,1,Tue-Thu,Psychodynamic Therapist,07458 417 7421,Accepting,"I am a qualified psychodynamic therapist with experience in offering help with grief and loss and eating disorders. I work primarily using cognitive behavioural therapy (CBT). I specialise in creating a safe, non-judgmental space for clients to explore their concerns. I previously worked in addiction services."
62,Male,India,No,David Brown,MSc Psychotherapy,Verified,0,Mon-Wed,EMDR Therapist,07232 709 2388,Accepting,"I am an accredited emdr therapist with experience in offering help with bipolar disorder and relationship issues. I work primarily using acceptance and commitment therapy (ACT). I specialise in creating a safe, non-judgmental space for clients to explore their concerns. I have worked in both NHS and private settings."
57,Prefer not to say,USA,No,Carol White,PhD Clinical Psychology,Unverified,4,Tue-Thu,Mental Health Counsellor,07417 672 7171,Accepting,"I am an experienced mental health counsellor with experience in offering help with intercultural issues and bereavement. I work primarily using integrative therapy. I specialise in creating a safe, non-judgmental space for clients to explore their concerns. I have worked extensively with both individuals and couples."
53,Prefer not to say,Germany,No,David Brown,PhD Clinical Psychology,Unverified,3,Tue-Thu,EMDR Therapist,07758 910 6381,Accepting,"I am an accredited emdr therapist with experience in offering help with stress and burnout and complex trauma. I work primarily using dialectical behaviour therapy (DBT). I specialise in creating a safe, non-judgmental space for clients to explore their concerns. I have over a decade of experience in private practice."
63,Female,Canada,No,Carol White,MA Psychology,Verified,5,Tue-Thu,Mental Health Counsellor,07932 230 9624,Accepting,"I am an experienced mental health counsellor with experience in offering help with intercultural issues and trauma and PTSD. I work primarily using dialectical behaviour therapy (DBT). I specialise in creating a safe, non-judgmental space for clients to explore their concerns. I trained at a leading London institution."
21,Non-binary,Online Only,Yes,Alice Smith,MSc Psychotherapy,Verified,2,Wed-Fri,Counsellor,07195 761 7937,Accepting,"I am an experienced counsellor with experience in offering help with addiction and recovery and life transitions. I work primarily using EMDR. I specialise in creating a safe, non-judgmental space for clients to explore their concerns. I trained at a leading London institution."
36,Non-binary,Other,Yes,David Brown,MA Psychology,Unverified,5,Tue-Thu,Family Therapist,07620 470 1298,Not Accepting,"I am an experienced family therapist with experience in offering help with eating disorders and phobias. I work primarily using dialectical behaviour therapy (DBT). I specialise in creating a safe, non-judgmental space for clients to explore their concerns. I have a background in crisis intervention."
38,Male,USA,Yes,Alice Smith,MA Counseling,Unverified,1,Tue-Thu,Psychotherapist,07471 416 3953,Accepting,"I am a qualified psychotherapist with experience in offering help with early childhood trauma and generational trauma. I work primarily using solution-focused therapy. I specialise in creating a safe, non-judgmental space for clients to explore their concerns. I formerly worked in frontline mental health services."
57,Prefer not to say,Australia,No,Emma Wilson,PhD Clinical Psychology,Verified,5,Tue-Thu,Occupational Therapist,07319 449 8967,Waitlist,"I am an experienced occupational therapist with experience in offering help with generational trauma and phobias. I work primarily using person-centred therapy. I specialise in creating a safe, non-judgmental space for clients to explore their concerns. I have over a decade of experience in private practice."
45,Female,Germany,Yes,Alice Smith,MA Psychology,Unverified,0,Tue-Thu,Psychotherapist,07296 331 3253,Not Accepting,"I am an accredited psychotherapist with experience in offering help with OCD and grief and loss. I work primarily using solution-focused therapy. I specialise in creating a safe, non-judgmental space for clients to explore their concerns. I previously worked in addiction services."
62,Non-binary,Canada,Yes,Carol White,PhD Clinical Psychology,Verified,5,Wed-Fri,Psychodynamic Therapist,07258 179 5846,Not Accepting,"I am a qualified psychodynamic therapist with experience in offering help with bereavement and addiction and recovery. I work primarily using solution-focused therapy. I specialise in creating a safe, non-judgmental space for clients to explore their concerns. I have experience working with diverse and multicultural populations."
56,Prefer not to say,UK,Yes,Bob Jones,MA Psychology,Unverified,3,Tue-Thu,Clinical Psychologist,07964 907 2657,Accepting,"I am an experienced clinical psychologist with experience in offering help with relationship issues and phobias. I work primarily using solution-focused therapy. I specialise in creating a safe, non-judgmental space for clients to explore their concerns. I have experience supporting individuals through major life transitions."
48,Non-binary,India,No,Alice Smith,MA Counseling,Verified,2,Mon-Fri,Counsellor,07619 889 9843,Waitlist,"I am a qualified counsellor with experience in offering help with addiction and recovery and bipolar disorder. I work primarily using acceptance and commitment therapy (ACT). I specialise in creating a safe, non-judgmental space for clients to explore their concerns. I previously worked in addiction services."
18,Female,Germany,Yes,Alice Smith,MA Counseling,Verified,2,Mon-Fri,Psychotherapist,07955 856 9626,Accepting,"I am an experienced psychotherapist with experience in offering help with bereavement and depression and anxiety. I work primarily using psychodynamic therapy. I specialise in creating a safe, non-judgmental space for clients to explore their concerns. I previously worked in addiction services."
54,Male,UK,No,Alice Smith,MSc Psychotherapy,Unverified,3,Mon-Fri,Psychotherapist,07138 777 6517,Waitlist,"I am an accredited psychotherapist with experience in offering help with bipolar disorder and relationship issues. I work primarily using schema therapy. I specialise in creating a safe, non-judgmental space for clients to explore their concerns. I have experience working with diverse and multicultural populations."
56,Female,Online Only,Yes,Bob Jones,MSc Psychotherapy,Verified,3,Mon-Wed,Clinical Psychologist,07997 884 3147,Not Accepting,"I am a qualified clinical psychologist with experience in offering help with stress and burnout and intercultural issues. I work primarily using acceptance and commitment therapy (ACT). I specialise in creating a safe, non-judgmental space for clients to explore their concerns. I have a background in crisis intervention."
47,Female,Germany,No,Bob Jones,MA Counseling,Unverified,3,Mon-Fri,Clinical Psychologist,07711 485 3527,Accepting,"I am an accredited clinical psychologist with experience in offering help with eating disorders and OCD. I work primarily using schema therapy. I specialise in creating a safe, non-judgmental space for clients to explore their concerns. I have worked extensively with both individuals and couples."
57,Prefer not to say,Online Only,Yes,Alice Smith,MA Psychology,Unverified,5,Mon-Fri,Psychotherapist,07266 285 3712,Accepting,"I am an accredited psychotherapist with experience in offering help with bereavement and family conflict. I work primarily using integrative therapy. I specialise in creating a safe, non-judgmental space for clients to explore their concerns. I formerly worked in frontline mental health services."
20,Non-binary,Online Only,No,Emma Wilson,PhD Clinical Psychology,Unverified,0,Mon-Wed,Art Therapist,07838 548 1715,Accepting,"I am an accredited art therapist with experience in offering help with early childhood trauma and self-esteem and confidence. I work primarily using cognitive behavioural therapy (CBT). I specialise in creating a safe, non-judgmental space for clients to explore their concerns. I have worked in both NHS and private settings."
65,Non-binary,Australia,Yes,Bob Jones,MA Counseling,Verified,4,Wed-Fri,CBT Therapist,07520 473 4891,Accepting,"I am an accredited cbt therapist with experience in offering help with self-esteem and confidence and phobias. I work primarily using cognitive behavioural therapy (CBT). I specialise in creating a safe, non-judgmental space for clients to explore their concerns. I have experience working with diverse and multicultural populations."
24,Male,USA,Yes,Bob Jones,MA Counseling,Unverified,5,Wed-Fri,Clinical Psychologist,07554 725 5668,Waitlist,"I am an accredited clinical psychologist with experience in offering help with generational trauma and eating disorders. I work primarily using EMDR. I specialise in creating a safe, non-judgmental space for clients to explore their concerns. I have a background in crisis intervention."
45,Prefer not to say,Canada,No,Bob Jones,MA Psychology,Verified,4,Mon-Wed,CBT Therapist,07870 866 8355,Accepting,"I am an experienced cbt therapist with experience in offering help with bipolar disorder and addiction and recovery. I work primarily using psychodynamic therapy. I specialise in creating a safe, non-judgmental space for clients to explore their concerns. I trained at a leading London institution."
56,Male,Online Only,No,David Brown,MA Counseling,Verified,1,Wed-Fri,Family Therapist,07339 646 4918,Waitlist,"I am an experienced family therapist with experience in offering help with complex trauma and trauma and PTSD. I work primarily using solution-focused therapy. I specialise in creating a safe, non-judgmental space for clients to explore their concerns. I have a background in crisis intervention."
31,Non-binary,USA,Yes,Alice Smith,MA Counseling,Verified,2,Mon-Wed,Counsellor,07416 928 8684,Accepting,"I am an accredited counsellor with experience in offering help with grief and loss and stress and burnout. I work primarily using psychodynamic therapy. I specialise in creating a safe, non-judgmental space for clients to explore their concerns. I have worked in both NHS and private settings."
34,Male,Online Only,Yes,Emma Wilson,MA Psychology,Unverified,5,Tue-Thu,Art Therapist,07955 298 7026,Accepting,"I am an experienced art therapist with experience in offering help with intercultural issues and family conflict. I work primarily using psychodynamic therapy. I specialise in creating a safe, non-judgmental space for clients to explore their concerns. I have over a decade of experience in private practice."
23,Male,Australia,No,Bob Jones,MA Counseling,Unverified,5,Wed-Fri,Clinical Psychologist,07794 684 8218,Not Accepting,"I am an accredited clinical psychologist with experience in offering help with grief and loss and workplace issues. I work primarily using acceptance and commitment therapy (ACT). I specialise in creating a safe, non-judgmental space for clients to explore their concerns. I formerly worked in frontline mental health services."
47,Female,Online Only,No,David Brown,MSc Psychotherapy,Verified,1,Mon-Wed,Family Therapist,07572 887 5616,Accepting,"I am a qualified family therapist with experience in offering help with OCD and early childhood trauma. I work primarily using solution-focused therapy. I specialise in creating a safe, non-judgmental space for clients to explore their concerns. I have over a decade of experience in private practice."
63,Non-binary,Online Only,No,Carol White,MSc Psychotherapy,Verified,5,Tue-Thu,Mental Health Counsellor,07896 491 9239,Accepting,"I am an experienced mental health counsellor with experience in offering help with relationship issues and grief and loss. I work primarily using solution-focused therapy. I specialise in creating a safe, non-judgmental space for clients to explore their concerns. I have worked in both NHS and private settings."
26,Female,Germany,No,Carol White,MSc Psychotherapy,Verified,4,Tue-Thu,Psychodynamic Therapist,07640 528 3655,Not Accepting,"I am a qualified psychodynamic therapist with experience in offering help with early childhood trauma and phobias. I work primarily using integrative therapy. I specialise in creating a safe, non-judgmental space for clients to explore their concerns. I trained at a leading London institution."
65,Female,Australia,No,Bob Jones,MSc Psychotherapy,Verified,5,Mon-Fri,CBT Therapist,07936 304 3267,Accepting,"I am an accredited cbt therapist with experience in offering help with generational trauma and personality disorders. I work primarily using EMDR. I specialise in creating a safe, non-judgmental space for clients to explore their concerns. I have over a decade of experience in private practice."
38,Male,Online Only,Yes,Emma Wilson,MA Counseling,Verified,3,Mon-Wed,Art Therapist,07993 356 1854,Waitlist,"I am an experienced art therapist with experience in offering help with workplace issues and bereavement. I work primarily using cognitive behavioural therapy (CBT). I specialise in creating a safe, non-judgmental space for clients to explore their concerns. I have worked extensively with both individuals and couples."
60,Non-binary,Germany,Yes,Emma Wilson,PhD Clinical Psychology,Unverified,5,Mon-Wed,Art Therapist,07756 592 7081,Accepting,"I am an experienced art therapist with experience in offering help with complex trauma and self-esteem and confidence. I work primarily using integrative therapy. I specialise in creating a safe, non-judgmental space for clients to explore their concerns. I previously worked with young people in educational settings."
36,Non-binary,Online Only,No,Alice Smith,MSc Psychotherapy,Unverified,2,Mon-Fri,Counsellor,07667 205 9452,Not Accepting,"I am an accredited counsellor with experience in offering help with generational trauma and stress and burnout. I work primarily using dialectical behaviour therapy (DBT). I specialise in creating a safe, non-judgmental space for clients to explore their concerns. I previously worked in addiction services."
20,Prefer not to say,India,Yes,Bob Jones,MSc Psychotherapy,Verified,4,Wed-Fri,CBT Therapist,07971 227 5670,Not Accepting,"I am an experienced cbt therapist with experience in offering help with relationship issues and early childhood trauma. I work primarily using EMDR. I specialise in creating a safe, non-judgmental space for clients to explore their concerns. I have worked in both NHS and private settings."
38,Non-binary,USA,No,Carol White,MA Counseling,Unverified,2,Mon-Wed,Mental Health Counsellor,07185 881 3626,Not Accepting,"I am an accredited mental health counsellor with experience in offering help with personality disorders and bipolar disorder. I work primarily using solution-focused therapy. I specialise in creating a safe, non-judgmental space for clients to explore their concerns. I trained at a leading London institution."
33,Non-binary,India,No,Alice Smith,MA Counseling,Unverified,1,Tue-Thu,Counsellor,07379 560 9410,Accepting,"I am an experienced counsellor with experience in offering help with grief and loss and addiction and recovery. I work primarily using psychodynamic therapy. I specialise in creating a safe, non-judgmental space for clients to explore their concerns. I previously worked with young people in educational settings."
37,Female,USA,No,Emma Wilson,MA Psychology,Unverified,5,Mon-Wed,Art Therapist,07250 950 8167,Not Accepting,"I am an accredited art therapist with experience in offering help with phobias and eating disorders. I work primarily using cognitive behavioural therapy (CBT). I specialise in creating a safe, non-judgmental space for clients to explore their concerns. I have a background in crisis intervention."
56,Prefer not to say,Germany,No,Alice Smith,MSc Psychotherapy,Unverified,4,Mon-Fri,Psychotherapist,07193 327 8391,Accepting,"I am a qualified psychotherapist with experience in offering help with workplace issues and phobias. I work primarily using person-centred therapy. I specialise in creating a safe, non-judgmental space for clients to explore their concerns. I have experience working with diverse and multicultural populations."
33,Non-binary,USA,No,Carol White,MA Psychology,Verified,1,Mon-Wed,Mental Health Counsellor,07457 127 7797,Accepting,"I am an accredited mental health counsellor with experience in offering help with trauma and PTSD and grief and loss. I work primarily using acceptance and commitment therapy (ACT). I specialise in creating a safe, non-judgmental space for clients to explore their concerns. I have experience working with diverse and multicultural populations."
65,Male,Germany,No,Emma Wilson,MSc Psychotherapy,Verified,2,Wed-Fri,Art Therapist,07154 505 9224,Waitlist,"I am an experienced art therapist with experience in offering help with grief and loss and family conflict. I work primarily using dialectical behaviour therapy (DBT). I specialise in creating a safe, non-judgmental space for clients to explore their concerns. I have worked in both NHS and private settings."
55,Female,USA,No,David Brown,PhD Clinical Psychology,Unverified,0,Mon-Fri,EMDR Therapist,07482 341 7326,Waitlist,"I am a qualified emdr therapist with experience in offering help with depression and anxiety and bipolar disorder. I work primarily using integrative therapy. I specialise in creating a safe, non-judgmental space for clients to explore their concerns. I have over a decade of experience in private practice."
29,Prefer not to say,USA,No,David Brown,MA Counseling,Verified,3,Mon-Fri,EMDR Therapist,07183 483 4678,Accepting,"I am an experienced emdr therapist with experience in offering help with bereavement and stress and burnout. I work primarily using integrative therapy. I specialise in creating a safe, non-judgmental space for clients to explore their concerns. I have experience supporting individuals through major life transitions."
33,Male,Online Only,No,Bob Jones,MA Counseling,Unverified,1,Tue-Thu,Clinical Psychologist,07128 426 2623,Not Accepting,"I am an experienced clinical psychologist with experience in offering help with complex trauma and family conflict. I work primarily using psychodynamic therapy. I specialise in creating a safe, non-judgmental space for clients to explore their concerns. I formerly worked in frontline mental health services."
61,Male,Canada,Yes,Alice Smith,MA Psychology,Verified,5,Mon-Wed,Counsellor,07959 831 6493,Not Accepting,"I am an accredited counsellor with experience in offering help with relationship issues and depression and anxiety. I work primarily using mindfulness-based therapy. I specialise in creating a safe, non-judgmental space for clients to explore their concerns. I previously worked with young people in educational settings."
42,Prefer not to say,Online Only,No,Emma Wilson,MA Psychology,Verified,2,Mon-Fri,Art Therapist,07910 249 3254,Not Accepting,"I am an experienced art therapist with experience in offering help with trauma and PTSD and personality disorders. I work primarily using schema therapy. I specialise in creating a safe, non-judgmental space for clients to explore their concerns. I have a background in crisis intervention."
31,Female,UK,No,Bob Jones,MA Counseling,Verified,5,Wed-Fri,Clinical Psychologist,07139 393 8740,Waitlist,"I am an accredited clinical psychologist with experience in offering help with workplace issues and stress and burnout. I work primarily using solution-focused therapy. I specialise in creating a safe, non-judgmental space for clients to explore their concerns. I have experience working with diverse and multicultural populations."
25,Prefer not to say,India,Yes,Alice Smith,MA Counseling,Verified,4,Wed-Fri,Counsellor,07812 951 3273,Accepting,"I am a qualified counsellor with experience in offering help with life transitions and phobias. I work primarily using dialectical behaviour therapy (DBT). I specialise in creating a safe, non-judgmental space for clients to explore their concerns. I have over a decade of experience in private practice."
21,Female,Online Only,No,Carol White,MA Counseling,Unverified,1,Wed-Fri,Mental Health Counsellor,07877 822 8685,Accepting,"I am an accredited mental health counsellor with experience in offering help with relationship issues and eating disorders. I work primarily using psychodynamic therapy. I specialise in creating a safe, non-judgmental space for clients to explore their concerns. I have experience supporting individuals through major life transitions."
50,Male,Australia,No,Emma Wilson,MSc Psychotherapy,Verified,5,Tue-Thu,Art Therapist,07559 730 1086,Not Accepting,"I am an experienced art therapist with experience in offering help with generational trauma and life transitions. I work primarily using integrative therapy. I specialise in creating a safe, non-judgmental space for clients to explore their concerns. I have experience working with diverse and multicultural populations."
29,Male,USA,No,Alice Smith,MSc Psychotherapy,Unverified,2,Wed-Fri,Counsellor,07181 119 5193,Accepting,"I am an accredited counsellor with experience in offering help with relationship issues and eating disorders. I work primarily using solution-focused therapy. I specialise in creating a safe, non-judgmental space for clients to explore their concerns. I previously worked with young people in educational settings."
60,Female,Germany,No,Emma Wilson,PhD Clinical Psychology,Unverified,5,Tue-Thu,Art Therapist,07320 955 3449,Accepting,"I am a qualified art therapist with experience in offering help with grief and loss and relationship issues. I work primarily using solution-focused therapy. I specialise in creating a safe, non-judgmental space for clients to explore their concerns. I have worked in both NHS and private settings."
59,Non-binary,Canada,No,Alice Smith,MSc Psychotherapy,Verified,0,Wed-Fri,Psychotherapist,07661 844 9647,Accepting,"I am an accredited psychotherapist with experience in offering help with phobias and trauma and PTSD. I work primarily using mindfulness-based therapy. I specialise in creating a safe, non-judgmental space for clients to explore their concerns. I have over a decade of experience in private practice."
62,Female,Germany,No,Carol White,MA Counseling,Unverified,1,Mon-Wed,Psychodynamic Therapist,07533 213 5720,Accepting,"I am a qualified psychodynamic therapist with experience in offering help with depression and anxiety and generational trauma. I work primarily using cognitive behavioural therapy (CBT). I specialise in creating a safe, non-judgmental space for clients to explore their concerns. I have over a decade of experience in private practice."
47,Male,Online Only,No,Emma Wilson,MSc Psychotherapy,Unverified,2,Wed-Fri,Occupational Therapist,07343 408 2996,Accepting,"I am an accredited occupational therapist with experience in offering help with bipolar disorder and workplace issues. I work primarily using schema therapy. I specialise in creating a safe, non-judgmental space for clients to explore their concerns. I have a background in crisis intervention."
39,Male,Canada,Yes,David Brown,MA Psychology,Unverified,1,Wed-Fri,EMDR Therapist,07148 344 7878,Not Accepting,"I am an accredited emdr therapist with experience in offering help with bipolar disorder and generational trauma. I work primarily using mindfulness-based therapy. I specialise in creating a safe, non-judgmental space for clients to explore their concerns. I have worked in both NHS and private settings."
23,Prefer not to say,USA,Yes,Carol White,MA Counseling,Unverified,5,Tue-Thu,Psychodynamic Therapist,07754 912 8489,Accepting,"I am an accredited psychodynamic therapist with experience in offering help with OCD and stress and burnout. I work primarily using mindfulness-based therapy. I specialise in creating a safe, non-judgmental space for clients to explore their concerns. I have experience supporting individuals through major life transitions."
26,Male,Australia,Yes,Alice Smith,MSc Psychotherapy,Verified,2,Mon-Wed,Counsellor,07164 213 9189,Accepting,"I am a qualified counsellor with experience in offering help with addiction and recovery and bereavement. I work primarily using psychodynamic therapy. I specialise in creating a safe, non-judgmental space for clients to explore their concerns. I previously worked in addiction services."
51,Male,Other,No,Emma Wilson,MA Counseling,Verified,3,Mon-Wed,Occupational Therapist,07711 648 1269,Not Accepting,"I am an experienced occupational therapist with experience in offering help with workplace issues and bipolar disorder. I work primarily using cognitive behavioural therapy (CBT). I specialise in creating a safe, non-judgmental space for clients to explore their concerns. I previously worked in addiction services."
53,Male,Australia,Yes,Carol White,MA Psychology,Unverified,2,Tue-Thu,Psychodynamic Therapist,07747 627 4963,Not Accepting,"I am an accredited psychodynamic therapist with experience in offering help with complex trauma and bipolar disorder. I work primarily using EMDR. I specialise in creating a safe, non-judgmental space for clients to explore their concerns. I have a background in crisis intervention."
25,Female,Germany,No,Alice Smith,MA Psychology,Unverified,2,Mon-Wed,Psychotherapist,07835 247 5772,Accepting,"I am an accredited psychotherapist with experience in offering help with bereavement and early childhood trauma. I work primarily using person-centred therapy. I specialise in creating a safe, non-judgmental space for clients to explore their concerns. I have experience supporting individuals through major life transitions."
31,Male,India,No,David Brown,MSc Psychotherapy,Unverified,2,Wed-Fri,EMDR Therapist,07539 101 6780,Not Accepting,"I am a qualified emdr therapist with experience in offering help with trauma and PTSD and depression and anxiety. I work primarily using person-centred therapy. I specialise in creating a safe, non-judgmental space for clients to explore their concerns. I formerly worked in frontline mental health services."
30,Prefer not to say,Canada,No,David Brown,MA Counseling,Unverified,4,Wed-Fri,Family Therapist,07346 684 7825,Waitlist,"I am an accredited family therapist with experience in offering help with bipolar disorder and personality disorders. I work primarily using EMDR. I specialise in creating a safe, non-judgmental space for clients to explore their concerns. I have over a decade of experience in private practice."
28,Female,Germany,Yes,Alice Smith,PhD Clinical Psychology,Unverified,2,Mon-Wed,Counsellor,07291 780 2402,Not Accepting,"I am an accredited counsellor with experience in offering help with life transitions and stress and burnout. I work primarily using person-centred therapy. I specialise in creating a safe, non-judgmental space for clients to explore their concerns. I trained at a leading London institution."
21,Male,Australia,Yes,David Brown,MA Psychology,Unverified,3,Wed-Fri,EMDR Therapist,07636 469 2108,Not Accepting,"I am an experienced emdr therapist with experience in offering help with stress and burnout and OCD. I work primarily using mindfulness-based therapy. I specialise in creating a safe, non-judgmental space for clients to explore their concerns. I have worked in both NHS and private settings."
56,Male,UK,No,Carol White,PhD Clinical Psychology,Verified,0,Mon-Wed,Psychodynamic Therapist,07638 657 9312,Not Accepting,"I am an accredited psychodynamic therapist with experience in offering help with bipolar disorder and early childhood trauma. I work primarily using schema therapy. I specialise in creating a safe, non-judgmental space for clients to explore their concerns. I formerly worked in frontline mental health services."
41,Prefer not to say,Germany,No,David Brown,MSc Psychotherapy,Verified,3,Tue-Thu,Family Therapist,07905 619 1333,Waitlist,"I am an accredited family therapist with experience in offering help with grief and loss and workplace issues. I work primarily using cognitive behavioural therapy (CBT). I specialise in creating a safe, non-judgmental space for clients to explore their concerns. I have experience working with diverse and multicultural populations."
53,Non-binary,USA,Yes,Bob Jones,MA Psychology,Unverified,0,Tue-Thu,CBT Therapist,07499 994 8702,Accepting,"I am an accredited cbt therapist with experience in offering help with self-esteem and confidence and eating disorders. I work primarily using mindfulness-based therapy. I specialise in creating a safe, non-judgmental space for clients to explore their concerns. I trained at a leading London institution."
26,Male,Online Only,Yes,David Brown,PhD Clinical Psychology,Unverified,5,Tue-Thu,EMDR Therapist,07144 750 7338,Not Accepting,"I am an accredited emdr therapist with experience in offering help with life transitions and self-esteem and confidence. I work primarily using cognitive behavioural therapy (CBT). I specialise in creating a safe, non-judgmental space for clients to explore their concerns. I trained at a leading London institution."
57,Non-binary,India,Yes,Bob Jones,MA Psychology,Verified,4,Mon-Fri,CBT Therapist,07482 359 1266,Not Accepting,"I am an accredited cbt therapist with experience in offering help with eating disorders and bereavement. I work primarily using mindfulness-based therapy. I specialise in creating a safe, non-judgmental space for clients to explore their concerns. I have worked extensively with both individuals and couples."
22,Prefer not to say,Online Only,Yes,Emma Wilson,PhD Clinical Psychology,Unverified,4,Wed-Fri,Occupational Therapist,07465 907 2106,Waitlist,"I am an accredited occupational therapist with experience in offering help with self-esteem and confidence and bipolar disorder. I work primarily using dialectical behaviour therapy (DBT). I specialise in creating a safe, non-judgmental space for clients to explore their concerns. I previously worked in addiction services."
62,Female,Australia,Yes,Carol White,MA Counseling,Verified,4,Tue-Thu,Mental Health Counsellor,07453 346 2698,Waitlist,"I am a qualified mental health counsellor with experience in offering help with life transitions and grief and loss. I work primarily using EMDR. I specialise in creating a safe, non-judgmental space for clients to explore their concerns. I formerly worked in frontline mental health services."
59,Non-binary,Germany,No,Emma Wilson,MA Counseling,Unverified,0,Mon-Wed,Art Therapist,07890 695 6447,Accepting,"I am an experienced art therapist with experience in offering help with depression and anxiety and grief and loss. I work primarily using schema therapy. I specialise in creating a safe, non-judgmental space for clients to explore their concerns. I trained at a leading London institution."
43,Male,Australia,No,Emma Wilson,MSc Psychotherapy,Verified,3,Mon-Wed,Occupational Therapist,07236 145 6772,Accepting,"I am an experienced occupational therapist with experience in offering help with depression and anxiety and OCD. I work primarily using cognitive behavioural therapy (CBT). I specialise in creating a safe, non-judgmental space for clients to explore their concerns. I have experience working with diverse and multicultural populations."
53,Male,Online Only,Yes,David Brown,MA Psychology,Unverified,1,Tue-Thu,Family Therapist,07659 446 3868,Accepting,"I am an accredited family therapist with experience in offering help with eating disorders and early childhood trauma. I work primarily using person-centred therapy. I specialise in creating a safe, non-judgmental space for clients to explore their concerns. I have experience supporting individuals through major life transitions."
34,Female,USA,Yes,David Brown,PhD Clinical Psychology,Unverified,4,Tue-Thu,Family Therapist,07950 897 8612,Not Accepting,"I am an experienced family therapist with experience in offering help with stress and burnout and family conflict. I work primarily using cognitive behavioural therapy (CBT). I specialise in creating a safe, non-judgmental space for clients to explore their concerns. I have over a decade of experience in private practice."
61,Prefer not to say,Canada,Yes,David Brown,MSc Psychotherapy,Unverified,0,Tue-Thu,EMDR Therapist,07812 590 3986,Not Accepting,"I am an experienced emdr therapist with experience in offering help with addiction and recovery and relationship issues. I work primarily using cognitive behavioural therapy (CBT). I specialise in creating a safe, non-judgmental space for clients to explore their concerns. I previously worked with young people in educational settings."
26,Female,Canada,No,Emma Wilson,MA Counseling,Unverified,5,Mon-Wed,Art Therapist,07930 238 2033,Accepting,"I am an experienced art therapist with experience in offering help with stress and burnout and bipolar disorder. I work primarily using acceptance and commitment therapy (ACT). I specialise in creating a safe, non-judgmental space for clients to explore their concerns. I have worked in both NHS and private settings."
56,Male,India,Yes,Carol White,MA Counseling,Unverified,3,Mon-Fri,Mental Health Counsellor,07833 894 8498,Accepting,"I am an accredited mental health counsellor with experience in offering help with early childhood trauma and workplace issues. I work primarily using EMDR. I specialise in creating a safe, non-judgmental space for clients to explore their concerns. I have experience working with diverse and multicultural populations."
47,Female,Australia,No,Carol White,MSc Psychotherapy,Verified,4,Tue-Thu,Psychodynamic Therapist,07137 400 4302,Not Accepting,"I am an experienced psychodynamic therapist with experience in offering help with bereavement and phobias. I work primarily using cognitive behavioural therapy (CBT). I specialise in creating a safe, non-judgmental space for clients to explore their concerns. I have experience working with diverse and multicultural populations."
46,Non-binary,India,Yes,Bob Jones,MA Psychology,Unverified,2,Mon-Wed,Clinical Psychologist,07144 910 4268,Not Accepting,"I am a qualified clinical psychologist with experience in offering help with generational trauma and grief and loss. I work primarily using mindfulness-based therapy. I specialise in creating a safe, non-judgmental space for clients to explore their concerns. I have a background in crisis intervention."
23,Male,USA,Yes,Alice Smith,PhD Clinical Psychology,Unverified,3,Mon-Wed,Counsellor,07142 423 6080,Waitlist,"I am a qualified counsellor with experience in offering help with personality disorders and OCD. I work primarily using integrative therapy. I specialise in creating a safe, non-judgmental space for clients to explore their concerns. I previously worked in addiction services."
23,Female,Australia,No,Carol White,MA Counseling,Verified,0,Tue-Thu,Mental Health Counsellor,07627 507 9897,Not Accepting,"I am an experienced mental health counsellor with experience in offering help with grief and loss and relationship issues. I work primarily using person-centred therapy. I specialise in creating a safe, non-judgmental space for clients to explore their concerns. I have over a decade of experience in private practice."
61,Prefer not to say,Canada,Yes,David Brown,MSc Psychotherapy,Verified,1,Wed-Fri,Family Therapist,07584 359 1599,Accepting,"I am a qualified family therapist with experience in offering help with early childhood trauma and generational trauma. I work primarily using psychodynamic therapy. I specialise in creating a safe, non-judgmental space for clients to explore their concerns. I have over a decade of experience in private practice."
56,Prefer not to say,Other,No,Bob Jones,MA Counseling,Verified,1,Mon-Wed,Clinical Psychologist,07871 762 4131,Accepting,"I am an experienced clinical psychologist with experience in offering help with self-esteem and confidence and OCD. I work primarily using solution-focused therapy. I specialise in creating a safe, non-judgmental space for clients to explore their concerns. I have worked in both NHS and private settings."
37,Male,Online Only,Yes,David Brown,MA Counseling,Unverified,1,Wed-Fri,Family Therapist,07392 465 1783,Accepting,"I am a qualified family therapist with experience in offering help with bipolar disorder and intercultural issues. I work primarily using acceptance and commitment therapy (ACT). I specialise in creating a safe, non-judgmental space for clients to explore their concerns. I have a background in crisis intervention."
31,Female,UK,No,Emma Wilson,PhD Clinical Psychology,Verified,2,Wed-Fri,Art Therapist,07986 771 6438,Accepting,"I am an experienced art therapist with experience in offering help with addiction and recovery and early childhood trauma. I work primarily using psychodynamic therapy. I specialise in creating a safe, non-judgmental space for clients to explore their concerns. I have over a decade of experience in private practice."
30,Male,Online Only,No,Emma Wilson,MA Psychology,Verified,3,Mon-Fri,Art Therapist,07379 227 7029,Accepting,"I am an accredited art therapist with experience in offering help with eating disorders and trauma and PTSD. I work primarily using person-centred therapy. I specialise in creating a safe, non-judgmental space for clients to explore their concerns. I trained at a leading London institution."
60,Non-binary,USA,Yes,David Brown,MA Psychology,Verified,4,Mon-Wed,EMDR Therapist,07547 509 8204,Accepting,"I am an experienced emdr therapist with experience in offering help with relationship issues and grief and loss. I work primarily using integrative therapy. I specialise in creating a safe, non-judgmental space for clients to explore their concerns. I have experience working with diverse and multicultural populations."
37,Female,Germany,No,Carol White,PhD Clinical Psychology,Unverified,3,Mon-Fri,Psychodynamic Therapist,07495 447 4060,Accepting,"I am an accredited psychodynamic therapist with experience in offering help with trauma and PTSD and eating disorders. I work primarily using mindfulness-based therapy. I specialise in creating a safe, non-judgmental space for clients to explore their concerns. I have over a decade of experience in private practice."
20,Non-binary,India,Yes,Alice Smith,MSc Psychotherapy,Unverified,1,Tue-Thu,Psychotherapist,07608 808 9151,Waitlist,"I am an accredited psychotherapist with experience in offering help with personality disorders and self-esteem and confidence. I work primarily using schema therapy. I specialise in creating a safe, non-judgmental space for clients to explore their concerns. I have experience supporting individuals through major life transitions."
47,Male,Other,Yes,David Brown,MSc Psychotherapy,Verified,2,Mon-Fri,Family Therapist,07476 916 9507,Waitlist,"I am an accredited family therapist with experience in offering help with early childhood trauma and self-esteem and confidence. I work primarily using psychodynamic therapy. I specialise in creating a safe, non-judgmental space for clients to explore their concerns. I have over a decade of experience in private practice."
30,Female,Other,No,Carol White,MA Psychology,Unverified,5,Tue-Thu,Psychodynamic Therapist,07373 920 2353,Not Accepting,"I am an accredited psychodynamic therapist with experience in offering help with depression and anxiety and trauma and PTSD. I work primarily using person-centred therapy. I specialise in creating a safe, non-judgmental space for clients to explore their concerns. I have over a decade of experience in private practice."
35,Female,Other,No,Bob Jones,MA Counseling,Verified,1,Wed-Fri,CBT Therapist,07844 534 2293,Waitlist,"I am an experienced cbt therapist with experience in offering help with personality disorders and bipolar disorder. I work primarily using psychodynamic therapy. I specialise in creating a safe, non-judgmental space for clients to explore their concerns. I have worked extensively with both individuals and couples."
56,Non-binary,Germany,No,David Brown,MA Counseling,Verified,0,Mon-Wed,Family Therapist,07540 716 3956,Waitlist,"I am an accredited family therapist with experience in offering help with addiction and recovery and relationship issues. I work primarily using cognitive behavioural therapy (CBT). I specialise in creating a safe, non-judgmental space for clients to explore their concerns. I have worked in both NHS and private settings."
47,Non-binary,Canada,Yes,Bob Jones,MSc Psychotherapy,Unverified,3,Mon-Fri,Clinical Psychologist,07658 400 6262,Not Accepting,"I am an accredited clinical psychologist with experience in offering help with self-esteem and confidence and generational trauma. I work primarily using psychodynamic therapy. I specialise in creating a safe, non-judgmental space for clients to explore their concerns. I trained at a leading London institution."
37,Male,UK,No,Carol White,PhD Clinical Psychology,Verified,2,Mon-Wed,Psychodynamic Therapist,07205 181 6372,Accepting,"I am an experienced psychodynamic therapist with experience in offering help with trauma and PTSD and self-esteem and confidence. I work primarily using cognitive behavioural therapy (CBT). I specialise in creating a safe, non-judgmental space for clients to explore their concerns. I have over a decade of experience in private practice."
33,Non-binary,India,Yes,Carol White,MA Counseling,Unverified,5,Wed-Fri,Mental Health Counsellor,07776 402 6021,Accepting,"I am a qualified mental health counsellor with experience in offering help with stress and burnout and personality disorders. I work primarily using acceptance and commitment therapy (ACT). I specialise in creating a safe, non-judgmental space for clients to explore their concerns. I formerly worked in frontline mental health services."
35,Prefer not to say,Canada,Yes,Carol White,MSc Psychotherapy,Verified,1,Wed-Fri,Psychodynamic Therapist,07556 717 7981,Not Accepting,"I am an accredited psychodynamic therapist with experience in offering help with stress and burnout and complex trauma. I work primarily using integrative therapy. I specialise in creating a safe, non-judgmental space for clients to explore their concerns. I previously worked with young people in educational settings."
60,Non-binary,Online Only,No,Carol White,PhD Clinical Psychology,Unverified,2,Wed-Fri,Mental Health Counsellor,07270 806 8272,Accepting,"I am an accredited mental health counsellor with experience in offering help with addiction and recovery and phobias. I work primarily using acceptance and commitment therapy (ACT). I specialise in creating a safe, non-judgmental space for clients to explore their concerns. I have over a decade of experience in private practice."
19,Prefer not to say,India,Yes,Emma Wilson,MA Psychology,Unverified,5,Wed-Fri,Art Therapist,07459 557 1693,Not Accepting,"I am a qualified art therapist with experience in offering help with phobias and grief and loss. I work primarily using mindfulness-based therapy. I specialise in creating a safe, non-judgmental space for clients to explore their concerns. I previously worked in addiction services."
63,Female,Online Only,No,Carol White,PhD Clinical Psychology,Verified,0,Wed-Fri,Mental Health Counsellor,07844 990 6776,Waitlist,"I am a qualified mental health counsellor with experience in offering help with life transitions and family conflict. I work primarily using cognitive behavioural therapy (CBT). I specialise in creating a safe, non-judgmental space for clients to explore their concerns. I have worked in both NHS and private settings."
43,Prefer not to say,UK,No,Emma Wilson,MA Psychology,Unverified,0,Wed-Fri,Occupational Therapist,07729 545 5498,Accepting,"I am an experienced occupational therapist with experience in offering help with personality disorders and generational trauma. I work primarily using solution-focused therapy. I specialise in creating a safe, non-judgmental space for clients to explore their concerns. I previously worked with young people in educational settings."
38,Male,India,Yes,Alice Smith,MSc Psychotherapy,Verified,3,Mon-Fri,Psychotherapist,07754 910 1939,Not Accepting,"I am a qualified psychotherapist with experience in offering help with workplace issues and grief and loss. I work primarily using schema therapy. I specialise in creating a safe, non-judgmental space for clients to explore their concerns. I formerly worked in frontline mental health services."
26,Male,Other,No,Emma Wilson,PhD Clinical Psychology,Verified,2,Mon-Wed,Occupational Therapist,07176 787 7655,Not Accepting,"I am a qualified occupational therapist with experience in offering help with bipolar disorder and family conflict. I work primarily using schema therapy. I specialise in creating a safe, non-judgmental space for clients to explore their concerns. I previously worked in addiction services."
31,Prefer not to say,UK,Yes,Bob Jones,MSc Psychotherapy,Unverified,1,Mon-Fri,Clinical Psychologist,07472 625 3621,Accepting,"I am a qualified clinical psychologist with experience in offering help with bereavement and workplace issues. I work primarily using integrative therapy. I specialise in creating a safe, non-judgmental space for clients to explore their concerns. I have experience working with diverse and multicultural populations."
28,Male,Germany,Yes,Alice Smith,MA Psychology,Unverified,1,Wed-Fri,Counsellor,07131 246 8179,Accepting,"I am an accredited counsellor with experience in offering help with complex trauma and depression and anxiety. I work primarily using integrative therapy. I specialise in creating a safe, non-judgmental space for clients to explore their concerns. I have worked extensively with both individuals and couples."
44,Non-binary,Canada,Yes,Bob Jones,MA Counseling,Verified,4,Tue-Thu,Clinical Psychologist,07135 229 2101,Accepting,"I am an experienced clinical psychologist with experience in offering help with depression and anxiety and addiction and recovery. I work primarily using cognitive behavioural therapy (CBT). I specialise in creating a safe, non-judgmental space for clients to explore their concerns. I previously worked in addiction services."
56,Prefer not to say,Germany,No,David Brown,MA Counseling,Unverified,1,Tue-Thu,EMDR Therapist,07341 897 7001,Accepting,"I am an accredited emdr therapist with experience in offering help with bipolar disorder and bereavement. I work primarily using person-centred therapy. I specialise in creating a safe, non-judgmental space for clients to explore their concerns. I have over a decade of experience in private practice."
19,Male,UK,No,David Brown,MA Psychology,Verified,3,Wed-Fri,Family Therapist,07470 492 1530,Not Accepting,"I am an experienced family therapist with experience in offering help with grief and loss and phobias. I work primarily using mindfulness-based therapy. I specialise in creating a safe, non-judgmental space for clients to explore their concerns. I have experience supporting individuals through major life transitions."
42,Non-binary,UK,No,Emma Wilson,MA Counseling,Verified,0,Wed-Fri,Occupational Therapist,07719 257 8371,Waitlist,"I am a qualified occupational therapist with experience in offering help with trauma and PTSD and grief and loss. I work primarily using dialectical behaviour therapy (DBT). I specialise in creating a safe, non-judgmental space for clients to explore their concerns. I have experience working with diverse and multicultural populations."
21,Female,Online Only,No,Bob Jones,MA Counseling,Verified,1,Wed-Fri,Clinical Psychologist,07479 480 8273,Accepting,"I am a qualified clinical psychologist with experience in offering help with complex trauma and phobias. I work primarily using person-centred therapy. I specialise in creating a safe, non-judgmental space for clients to explore their concerns. I have worked extensively with both individuals and couples."
64,Prefer not to say,Germany,No,David Brown,PhD Clinical Psychology,Verified,4,Mon-Wed,Family Therapist,07881 178 3255,Not Accepting,"I am an experienced family therapist with experience in offering help with bipolar disorder and bereavement. I work primarily using cognitive behavioural therapy (CBT). I specialise in creating a safe, non-judgmental space for clients to explore their concerns. I trained at a leading London institution."
26,Prefer not to say,Online Only,Yes,David Brown,PhD Clinical Psychology,Unverified,3,Mon-Wed,Family Therapist,07642 475 7521,Accepting,"I am a qualified family therapist with experience in offering help with bereavement and generational trauma. I work primarily using dialectical behaviour therapy (DBT). I specialise in creating a safe, non-judgmental space for clients to explore their concerns. I previously worked with young people in educational settings."
40,Non-binary,Online Only,No,David Brown,MA Counseling,Verified,5,Mon-Fri,Family Therapist,07421 765 5566,Waitlist,"I am an accredited family therapist with experience in offering help with life transitions and eating disorders. I work primarily using EMDR. I specialise in creating a safe, non-judgmental space for clients to explore their concerns. I previously worked in addiction services."
32,Female,India,Yes,Alice Smith,PhD Clinical Psychology,Verified,3,Mon-Wed,Psychotherapist,07355 216 1424,Waitlist,"I am an accredited psychotherapist with experience in offering help with relationship issues and trauma and PTSD. I work primarily using person-centred therapy. I specialise in creating a safe, non-judgmental space for clients to explore their concerns. I have worked extensively with both individuals and couples."
23,Prefer not to say,USA,No,Alice Smith,MA Psychology,Verified,3,Wed-Fri,Counsellor,07853 290 9176,Not Accepting,"I am a qualified counsellor with experience in offering help with depression and anxiety and workplace issues. I work primarily using acceptance and commitment therapy (ACT). I specialise in creating a safe, non-judgmental space for clients to explore their concerns. I formerly worked in frontline mental health services."
34,Non-binary,Online Only,Yes,Carol White,PhD Clinical Psychology,Unverified,3,Mon-Wed,Mental Health Counsellor,07630 496 2929,Accepting,"I am an experienced mental health counsellor with experience in offering help with phobias and intercultural issues. I work primarily using EMDR. I specialise in creating a safe, non-judgmental space for clients to explore their concerns. I trained at a leading London institution."
28,Prefer not to say,Germany,No,Bob Jones,PhD Clinical Psychology,Verified,3,Tue-Thu,Clinical Psychologist,07368 893 5264,Accepting,"I am an accredited clinical psychologist with experience in offering help with complex trauma and OCD. I work primarily using cognitive behavioural therapy (CBT). I specialise in creating a safe, non-judgmental space for clients to explore their concerns. I formerly worked in frontline mental health services."
54,Male,Australia,Yes,David Brown,PhD Clinical Psychology,Verified,3,Tue-Thu,EMDR Therapist,07820 556 4515,Accepting,"I am a qualified emdr therapist with experience in offering help with bereavement and generational trauma. I work primarily using psychodynamic therapy. I specialise in creating a safe, non-judgmental space for clients to explore their concerns. I have experience supporting individuals through major life transitions."
25,Prefer not to say,USA,No,Bob Jones,MSc Psychotherapy,Unverified,0,Wed-Fri,Clinical Psychologist,07726 392 9047,Waitlist,"I am an accredited clinical psychologist with experience in offering help with relationship issues and bipolar disorder. I work primarily using solution-focused therapy. I specialise in creating a safe, non-judgmental space for clients to explore their concerns. I have worked extensively with both individuals and couples."
27,Non-binary,Australia,Yes,Carol White,MA Psychology,Verified,0,Mon-Wed,Mental Health Counsellor,07304 225 3223,Accepting,"I am an accredited mental health counsellor with experience in offering help with OCD and eating disorders. I work primarily using integrative therapy. I specialise in creating a safe, non-judgmental space for clients to explore their concerns. I have over a decade of experience in private practice."
19,Female,Other,Yes,Emma Wilson,MA Counseling,Unverified,4,Mon-Wed,Art Therapist,07973 175 8406,Not Accepting,"I am an experienced art therapist with experience in offering help with stress and burnout and family conflict. I work primarily using integrative therapy. I specialise in creating a safe, non-judgmental space for clients to explore their concerns. I have over a decade of experience in private practice."
58,Female,Online Only,No,Carol White,MA Counseling,Verified,1,Mon-Fri,Psychodynamic Therapist,07276 830 8292,Waitlist,"I am an accredited psychodynamic therapist with experience in offering help with life transitions and bipolar disorder. I work primarily using person-centred therapy. I specialise in creating a safe, non-judgmental space for clients to explore their concerns. I have worked extensively with both individuals and couples."
39,Male,Other,No,David Brown,MSc Psychotherapy,Unverified,5,Mon-Fri,Family Therapist,07189 929 6236,Not Accepting,"I am an accredited family therapist with experience in offering help with personality disorders and eating disorders. I work primarily using mindfulness-based therapy. I specialise in creating a safe, non-judgmental space for clients to explore their concerns. I have over a decade of experience in private practice."
26,Non-binary,USA,No,Emma Wilson,PhD Clinical Psychology,Verified,2,Tue-Thu,Occupational Therapist,07783 455 2063,Not Accepting,"I am an accredited occupational therapist with experience in offering help with depression and anxiety and bereavement. I work primarily using solution-focused therapy. I specialise in creating a safe, non-judgmental space for clients to explore their concerns. I have worked extensively with both individuals and couples."
32,Male,USA,Yes,Emma Wilson,MA Psychology,Verified,0,Wed-Fri,Occupational Therapist,07663 655 5757,Accepting,"I am an experienced occupational therapist with experience in offering help with complex trauma and OCD. I work primarily using dialectical behaviour therapy (DBT). I specialise in creating a safe, non-judgmental space for clients to explore their concerns. I previously worked with young people in educational settings."
41,Male,Australia,Yes,Carol White,MA Psychology,Unverified,2,Tue-Thu,Psychodynamic Therapist,07407 971 3580,Accepting,"I am a qualified psychodynamic therapist with experience in offering help with bereavement and early childhood trauma. I work primarily using acceptance and commitment therapy (ACT). I specialise in creating a safe, non-judgmental space for clients to explore their concerns. I have over a decade of experience in private practice."
46,Male,USA,No,David Brown,MA Counseling,Verified,4,Wed-Fri,EMDR Therapist,07828 826 3852,Accepting,"I am an accredited emdr therapist with experience in offering help with relationship issues and grief and loss. I work primarily using integrative therapy. I specialise in creating a safe, non-judgmental space for clients to explore their concerns. I trained at a leading London institution."
48,Female,Other,No,Emma Wilson,MSc Psychotherapy,Verified,1,Wed-Fri,Occupational Therapist,07912 470 9335,Not Accepting,"I am a qualified occupational therapist with experience in offering help with relationship issues and OCD. I work primarily using acceptance and commitment therapy (ACT). I specialise in creating a safe, non-judgmental space for clients to explore their concerns. I formerly worked in frontline mental health services."
29,Female,Online Only,Yes,Carol White,MSc Psychotherapy,Verified,0,Wed-Fri,Psychodynamic Therapist,07329 224 4292,Not Accepting,"I am a qualified psychodynamic therapist with experience in offering help with intercultural issues and grief and loss. I work primarily using psychodynamic therapy. I specialise in creating a safe, non-judgmental space for clients to explore their concerns. I trained at a leading London institution."
64,Non-binary,USA,Yes,Carol White,MSc Psychotherapy,Unverified,5,Wed-Fri,Psychodynamic Therapist,07911 242 4878,Not Accepting,"I am a qualified psychodynamic therapist with experience in offering help with early childhood trauma and depression and anxiety. I work primarily using cognitive behavioural therapy (CBT). I specialise in creating a safe, non-judgmental space for clients to explore their concerns. I have experience working with diverse and multicultural populations."
53,Female,USA,No,David Brown,MSc Psychotherapy,Unverified,0,Mon-Wed,Family Therapist,07909 605 1430,Accepting,"I am a qualified family therapist with experience in offering help with stress and burnout and complex trauma. I work primarily using solution-focused therapy. I specialise in creating a safe, non-judgmental space for clients to explore their concerns. I previously worked in addiction services."
23,Prefer not to say,USA,No,Carol White,MA Psychology,Unverified,5,Wed-Fri,Mental Health Counsellor,07469 667 7044,Not Accepting,"I am a qualified mental health counsellor with experience in offering help with bipolar disorder and life transitions. I work primarily using solution-focused therapy. I specialise in creating a safe, non-judgmental space for clients to explore their concerns. I have worked in both NHS and private settings."
23,Non-binary,Online Only,Yes,Carol White,PhD Clinical Psychology,Verified,5,Mon-Wed,Mental Health Counsellor,07578 922 3126,Waitlist,"I am an accredited mental health counsellor with experience in offering help with bereavement and grief and loss. I work primarily using EMDR. I specialise in creating a safe, non-judgmental space for clients to explore their concerns. I previously worked in addiction services."
29,Female,Canada,Yes,Carol White,MA Counseling,Unverified,1,Wed-Fri,Mental Health Counsellor,07726 188 2077,Accepting,"I am a qualified mental health counsellor with experience in offering help with trauma and PTSD and eating disorders. I work primarily using cognitive behavioural therapy (CBT). I specialise in creating a safe, non-judgmental space for clients to explore their concerns. I trained at a leading London institution."
55,Female,Germany,Yes,Bob Jones,MA Psychology,Verified,1,Mon-Wed,Clinical Psychologist,07416 507 8842,Not Accepting,"I am a qualified clinical psychologist with experience in offering help with early childhood trauma and relationship issues. I work primarily using integrative therapy. I specialise in creating a safe, non-judgmental space for clients to explore their concerns. I have over a decade of experience in private practice."
65,Male,Online Only,Yes,Alice Smith,MSc Psychotherapy,Verified,5,Mon-Wed,Counsellor,07638 520 7708,Accepting,"I am a qualified counsellor with experience in offering help with complex trauma and relationship issues. I work primarily using schema therapy. I specialise in creating a safe, non-judgmental space for clients to explore their concerns. I have worked in both NHS and private settings."
50,Female,UK,Yes,Bob Jones,MSc Psychotherapy,Verified,2,Tue-Thu,Clinical Psychologist,07943 688 2208,Waitlist,"I am an experienced clinical psychologist with experience in offering help with phobias and family conflict. I work primarily using cognitive behavioural therapy (CBT). I specialise in creating a safe, non-judgmental space for clients to explore their concerns. I have experience working with diverse and multicultural populations."
34,Non-binary,UK,Yes,Carol White,MA Counseling,Verified,2,Tue-Thu,Psychodynamic Therapist,07228 424 2215,Not Accepting,"I am an accredited psychodynamic therapist with experience in offering help with complex trauma and stress and burnout. I work primarily using EMDR. I specialise in creating a safe, non-judgmental space for clients to explore their concerns. I formerly worked in frontline mental health services."
45,Prefer not to say,UK,Yes,Alice Smith,PhD Clinical Psychology,Verified,1,Mon-Fri,Counsellor,07560 577 9476,Accepting,"I am an experienced counsellor with experience in offering help with OCD and intercultural issues. I work primarily using person-centred therapy. I specialise in creating a safe, non-judgmental space for clients to explore their concerns. I have experience working with diverse and multicultural populations."
55,Female,India,No,Emma Wilson,PhD Clinical Psychology,Unverified,0,Tue-Thu,Occupational Therapist,07452 231 3981,Accepting,"I am a qualified occupational therapist with experience in offering help with life transitions and phobias. I work primarily using mindfulness-based therapy. I specialise in creating a safe, non-judgmental space for clients to explore their concerns. I have a background in crisis intervention."
25,Male,Online Only,No,Bob Jones,PhD Clinical Psychology,Unverified,3,Tue-Thu,CBT Therapist,07886 232 8088,Not Accepting,"I am an experienced cbt therapist with experience in offering help with grief and loss and early childhood trauma. I work primarily using cognitive behavioural therapy (CBT). I specialise in creating a safe, non-judgmental space for clients to explore their concerns. I have experience working with diverse and multicultural populations."
23,Female,Online Only,Yes,Bob Jones,MSc Psychotherapy,Verified,4,Wed-Fri,Clinical Psychologist,07614 989 1907,Not Accepting,"I am a qualified clinical psychologist with experience in offering help with life transitions and family conflict. I work primarily using EMDR. I specialise in creating a safe, non-judgmental space for clients to explore their concerns. I formerly worked in frontline mental health services."
45,Female,India,No,Bob Jones,MA Psychology,Verified,4,Mon-Fri,Clinical Psychologist,07951 227 9488,Accepting,"I am an experienced clinical psychologist with experience in offering help with depression and anxiety and stress and burnout. I work primarily using psychodynamic therapy. I specialise in creating a safe, non-judgmental space for clients to explore their concerns. I have a background in crisis intervention."
23,Female,Online Only,No,David Brown,MA Psychology,Unverified,2,Tue-Thu,Family Therapist,07256 411 3697,Waitlist,"I am an accredited family therapist with experience in offering help with phobias and family conflict. I work primarily using person-centred therapy. I specialise in creating a safe, non-judgmental space for clients to explore their concerns. I have worked in both NHS and private settings."
62,Prefer not to say,Online Only,Yes,Carol White,PhD Clinical Psychology,Unverified,1,Tue-Thu,Mental Health Counsellor,07265 430 4694,Waitlist,"I am a qualified mental health counsellor with experience in offering help with intercultural issues and complex trauma. I work primarily using mindfulness-based therapy. I specialise in creating a safe, non-judgmental space for clients to explore their concerns. I have worked in both NHS and private settings."
34,Female,UK,No,Emma Wilson,MA Counseling,Verified,0,Mon-Wed,Art Therapist,07454 631 5653,Accepting,"I am a qualified art therapist with experience in offering help with early childhood trauma and eating disorders. I work primarily using solution-focused therapy. I specialise in creating a safe, non-judgmental space for clients to explore their concerns. I previously worked in addiction services."
46,Non-binary,India,No,Emma Wilson,PhD Clinical Psychology,Verified,0,Mon-Fri,Occupational Therapist,07966 180 5105,Accepting,"I am an accredited occupational therapist with experience in offering help with addiction and recovery and relationship issues. I work primarily using schema therapy. I specialise in creating a safe, non-judgmental space for clients to explore their concerns. I have experience working with diverse and multicultural populations."
41,Prefer not to say,Online Only,No,Emma Wilson,PhD Clinical Psychology,Verified,2,Mon-Fri,Art Therapist,07301 750 5496,Waitlist,"I am a qualified art therapist with experience in offering help with bipolar disorder and personality disorders. I work primarily using integrative therapy. I specialise in creating a safe, non-judgmental space for clients to explore their concerns. I have over a decade of experience in private practice."
30,Male,UK,Yes,Carol White,MA Counseling,Verified,2,Mon-Fri,Mental Health Counsellor,07228 740 5961,Accepting,"I am a qualified mental health counsellor with experience in offering help with trauma and PTSD and addiction and recovery. I work primarily using acceptance and commitment therapy (ACT). I specialise in creating a safe, non-judgmental space for clients to explore their concerns. I previously worked in addiction services."
58,Non-binary,Germany,Yes,Alice Smith,PhD Clinical Psychology,Verified,3,Mon-Wed,Counsellor,07729 646 2530,Not Accepting,"I am an accredited counsellor with experience in offering help with grief and loss and addiction and recovery. I work primarily using dialectical behaviour therapy (DBT). I specialise in creating a safe, non-judgmental space for clients to explore their concerns. I formerly worked in frontline mental health services."
20,Female,Germany,No,Bob Jones,MA Counseling,Unverified,5,Mon-Fri,Clinical Psychologist,07614 756 3762,Not Accepting,"I am a qualified clinical psychologist with experience in offering help with early childhood trauma and relationship issues. I work primarily using integrative therapy. I specialise in creating a safe, non-judgmental space for clients to explore their concerns. I have experience supporting individuals through major life transitions."
54,Non-binary,Online Only,No,Carol White,MA Counseling,Unverified,4,Mon-Fri,Mental Health Counsellor,07706 694 3526,Accepting,"I am a qualified mental health counsellor with experience in offering help with bereavement and grief and loss. I work primarily using schema therapy. I specialise in creating a safe, non-judgmental space for clients to explore their concerns. I formerly worked in frontline mental health services."
37,Non-binary,Canada,Yes,Bob Jones,MA Psychology,Unverified,4,Mon-Wed,Clinical Psychologist,07275 774 6531,Waitlist,"I am an experienced clinical psychologist with experience in offering help with workplace issues and stress and burnout. I work primarily using schema therapy. I specialise in creating a safe, non-judgmental space for clients to explore their concerns. I previously worked in addiction services."
23,Non-binary,Canada,No,Carol White,MA Counseling,Unverified,4,Mon-Fri,Psychodynamic Therapist,07962 677 1674,Waitlist,"I am a qualified psychodynamic therapist with experience in offering help with grief and loss and family conflict. I work primarily using mindfulness-based therapy. I specialise in creating a safe, non-judgmental space for clients to explore their concerns. I have worked in both NHS and private settings."
32,Non-binary,Online Only,No,Bob Jones,PhD Clinical Psychology,Verified,2,Mon-Fri,CBT Therapist,07945 984 1464,Accepting,"I am an experienced cbt therapist with experience in offering help with trauma and PTSD and workplace issues. I work primarily using dialectical behaviour therapy (DBT). I specialise in creating a safe, non-judgmental space for clients to explore their concerns. I have experience supporting individuals through major life transitions."
19,Non-binary,Other,Yes,Carol White,MA Counseling,Verified,3,Wed-Fri,Mental Health Counsellor,07183 146 5336,Not Accepting,"I am an accredited mental health counsellor with experience in offering help with phobias and generational trauma. I work primarily using psychodynamic therapy. I specialise in creating a safe, non-judgmental space for clients to explore their concerns. I previously worked in addiction services."
44,Prefer not to say,Online Only,No,Alice Smith,PhD Clinical Psychology,Unverified,5,Tue-Thu,Psychotherapist,07766 315 7825,Accepting,"I am an accredited psychotherapist with experience in offering help with complex trauma and intercultural issues. I work primarily using person-centred therapy. I specialise in creating a safe, non-judgmental space for clients to explore their concerns. I have over a decade of experience in private practice."
25,Non-binary,Germany,Yes,Emma Wilson,MA Counseling,Verified,1,Mon-Fri,Occupational Therapist,07732 754 1496,Waitlist,"I am an experienced occupational therapist with experience in offering help with stress and burnout and relationship issues. I work primarily using solution-focused therapy. I specialise in creating a safe, non-judgmental space for clients to explore their concerns. I previously worked with young people in educational settings."
54,Prefer not to say,India,Yes,Bob Jones,MA Psychology,Verified,2,Mon-Wed,CBT Therapist,07609 742 9938,Not Accepting,"I am an accredited cbt therapist with experience in offering help with generational trauma and addiction and recovery. I work primarily using integrative therapy. I specialise in creating a safe, non-judgmental space for clients to explore their concerns. I have worked in both NHS and private settings."
37,Male,Online Only,Yes,Carol White,PhD Clinical Psychology,Unverified,3,Wed-Fri,Mental Health Counsellor,07396 757 5949,Waitlist,"I am a qualified mental health counsellor with experience in offering help with personality disorders and life transitions. I work primarily using solution-focused therapy. I specialise in creating a safe, non-judgmental space for clients to explore their concerns. I have experience supporting individuals through major life transitions."
28,Prefer not to say,Other,Yes,Alice Smith,PhD Clinical Psychology,Verified,2,Tue-Thu,Psychotherapist,07594 350 7653,Waitlist,"I am an experienced psychotherapist with experience in offering help with addiction and recovery and workplace issues. I work primarily using acceptance and commitment therapy (ACT). I specialise in creating a safe, non-judgmental space for clients to explore their concerns. I formerly worked in frontline mental health services."
22,Female,Canada,No,Alice Smith,PhD Clinical Psychology,Unverified,1,Tue-Thu,Psychotherapist,07404 564 2195,Accepting,"I am an accredited psychotherapist with experience in offering help with phobias and bereavement. I work primarily using schema therapy. I specialise in creating a safe, non-judgmental space for clients to explore their concerns. I have experience working with diverse and multicultural populations."
21,Non-binary,Online Only,No,Emma Wilson,MA Counseling,Verified,1,Wed-Fri,Occupational Therapist,07805 161 3589,Not Accepting,"I am an experienced occupational therapist with experience in offering help with stress and burnout and generational trauma. I work primarily using EMDR. I specialise in creating a safe, non-judgmental space for clients to explore their concerns. I have worked extensively with both individuals and couples."
27,Female,India,No,Carol White,MA Psychology,Verified,3,Mon-Wed,Mental Health Counsellor,07550 525 8933,Accepting,"I am an accredited mental health counsellor with experience in offering help with bereavement and early childhood trauma. I work primarily using psychodynamic therapy. I specialise in creating a safe, non-judgmental space for clients to explore their concerns. I have worked extensively with both individuals and couples."
50,Non-binary,Online Only,Yes,Bob Jones,MA Psychology,Unverified,0,Tue-Thu,CBT Therapist,07575 308 6573,Waitlist,"I am a qualified cbt therapist with experience in offering help with eating disorders and life transitions. I work primarily using integrative therapy. I specialise in creating a safe, non-judgmental space for clients to explore their concerns. I have experience working with diverse and multicultural populations."
60,Prefer not to say,Australia,Yes,David Brown,MA Psychology,Unverified,1,Tue-Thu,Family Therapist,07721 247 6121,Not Accepting,"I am a qualified family therapist with experience in offering help with personality disorders and family conflict. I work primarily using dialectical behaviour therapy (DBT). I specialise in creating a safe, non-judgmental space for clients to explore their concerns. I have worked extensively with both individuals and couples."
41,Female,Germany,Yes,Alice Smith,MA Psychology,Verified,1,Tue-Thu,Counsellor,07982 835 6231,Waitlist,"I am an accredited counsellor with experience in offering help with trauma and PTSD and complex trauma. I work primarily using mindfulness-based therapy. I specialise in creating a safe, non-judgmental space for clients to explore their concerns. I have experience working with diverse and multicultural populations."
65,Prefer not to say,UK,No,Alice Smith,MA Counseling,Verified,5,Mon-Fri,Psychotherapist,07851 981 6658,Accepting,"I am a qualified psychotherapist with experience in offering help with phobias and personality disorders. I work primarily using cognitive behavioural therapy (CBT). I specialise in creating a safe, non-judgmental space for clients to explore their concerns. I have experience working with diverse and multicultural populations."
44,Male,India,Yes,Emma Wilson,PhD Clinical Psychology,Unverified,1,Mon-Fri,Art Therapist,07508 233 7070,Accepting,"I am a qualified art therapist with experience in offering help with grief and loss and trauma and PTSD. I work primarily using acceptance and commitment therapy (ACT). I specialise in creating a safe, non-judgmental space for clients to explore their concerns. I have a background in crisis intervention."
38,Prefer not to say,India,No,Carol White,MSc Psychotherapy,Unverified,1,Wed-Fri,Mental Health Counsellor,07627 675 2739,Not Accepting,"I am a qualified mental health counsellor with experience in offering help with depression and anxiety and OCD. I work primarily using mindfulness-based therapy. I specialise in creating a safe, non-judgmental space for clients to explore their concerns. I have a background in crisis intervention."
53,Male,Germany,No,David Brown,MA Psychology,Verified,5,Wed-Fri,Family Therapist,07426 347 8642,Waitlist,"I am a qualified family therapist with experience in offering help with family conflict and early childhood trauma. I work primarily using person-centred therapy. I specialise in creating a safe, non-judgmental space for clients to explore their concerns. I have over a decade of experience in private practice."
38,Female,Australia,No,David Brown,MSc Psychotherapy,Verified,0,Mon-Wed,Family Therapist,07225 373 8366,Accepting,"I am an experienced family therapist with experience in offering help with self-esteem and confidence and OCD. I work primarily using mindfulness-based therapy. I specialise in creating a safe, non-judgmental space for clients to explore their concerns. I have experience working with diverse and multicultural populations."
60,Non-binary,India,No,David Brown,MA Counseling,Unverified,4,Mon-Wed,Family Therapist,07353 244 2586,Accepting,"I am a qualified family therapist with experience in offering help with relationship issues and intercultural issues. I work primarily using acceptance and commitment therapy (ACT). I specialise in creating a safe, non-judgmental space for clients to explore their concerns. I previously worked with young people in educational settings."
47,Prefer not to say,Australia,Yes,Carol White,MA Counseling,Verified,4,Wed-Fri,Psychodynamic Therapist,07151 397 7293,Not Accepting,"I am an experienced psychodynamic therapist with experience in offering help with family conflict and workplace issues. I work primarily using integrative therapy. I specialise in creating a safe, non-judgmental space for clients to explore their concerns. I formerly worked in frontline mental health services."
40,Non-binary,India,No,Bob Jones,MSc Psychotherapy,Verified,1,Mon-Wed,CBT Therapist,07984 730 7850,Accepting,"I am a qualified cbt therapist with experience in offering help with complex trauma and relationship issues. I work primarily using mindfulness-based therapy. I specialise in creating a safe, non-judgmental space for clients to explore their concerns. I have experience supporting individuals through major life transitions."
31,Non-binary,Online Only,No,Alice Smith,PhD Clinical Psychology,Unverified,0,Tue-Thu,Psychotherapist,07354 986 3616,Not Accepting,"I am an accredited psychotherapist with experience in offering help with generational trauma and workplace issues. I work primarily using dialectical behaviour therapy (DBT). I specialise in creating a safe, non-judgmental space for clients to explore their concerns. I formerly worked in frontline mental health services."
35,Prefer not to say,India,Yes,Carol White,MSc Psychotherapy,Unverified,2,Tue-Thu,Mental Health Counsellor,07933 435 6123,Not Accepting,"I am an accredited mental health counsellor with experience in offering help with intercultural issues and phobias. I work primarily using cognitive behavioural therapy (CBT). I specialise in creating a safe, non-judgmental space for clients to explore their concerns. I previously worked with young people in educational settings."
53,Non-binary,UK,No,David Brown,MA Counseling,Verified,5,Mon-Wed,Family Therapist,07294 881 3610,Accepting,"I am a qualified family therapist with experience in offering help with self-esteem and confidence and trauma and PTSD. I work primarily using integrative therapy. I specialise in creating a safe, non-judgmental space for clients to explore their concerns. I previously worked with young people in educational settings."
24,Non-binary,USA,Yes,Alice Smith,MSc Psychotherapy,Unverified,5,Mon-Wed,Counsellor,07610 627 8648,Accepting,"I am an experienced counsellor with experience in offering help with bipolar disorder and self-esteem and confidence. I work primarily using schema therapy. I specialise in creating a safe, non-judgmental space for clients to explore their concerns. I have experience working with diverse and multicultural populations."
53,Prefer not to say,UK,No,Alice Smith,MA Psychology,Unverified,0,Wed-Fri,Counsellor,07610 415 9148,Accepting,"I am a qualified counsellor with experience in offering help with early childhood trauma and depression and anxiety. I work primarily using person-centred therapy. I specialise in creating a safe, non-judgmental space for clients to explore their concerns. I trained at a leading London institution."
26,Male,UK,Yes,David Brown,MA Psychology,Unverified,3,Wed-Fri,EMDR Therapist,07123 192 7442,Not Accepting,"I am an experienced emdr therapist with experience in offering help with phobias and self-esteem and confidence. I work primarily using EMDR. I specialise in creating a safe, non-judgmental space for clients to explore their concerns. I previously worked in addiction services."
25,Non-binary,UK,No,David Brown,PhD Clinical Psychology,Verified,5,Mon-Wed,Family Therapist,07617 568 4944,Not Accepting,"I am a qualified family therapist with experience in offering help with life transitions and bipolar disorder. I work primarily using integrative therapy. I specialise in creating a safe, non-judgmental space for clients to explore their concerns. I have over a decade of experience in private practice."
24,Prefer not to say,Online Only,No,Alice Smith,MSc Psychotherapy,Unverified,2,Tue-Thu,Counsellor,07320 697 6781,Accepting,"I am an accredited counsellor with experience in offering help with relationship issues and eating disorders. I work primarily using cognitive behavioural therapy (CBT). I specialise in creating a safe, non-judgmental space for clients to explore their concerns. I have experience working with diverse and multicultural populations."
62,Female,Germany,Yes,Emma Wilson,MSc Psychotherapy,Verified,4,Mon-Fri,Art Therapist,07149 151 5609,Not Accepting,"I am an experienced art therapist with experience in offering help with complex trauma and bereavement. I work primarily using person-centred therapy. I specialise in creating a safe, non-judgmental space for clients to explore their concerns. I previously worked with young people in educational settings."
47,Non-binary,Australia,Yes,Alice Smith,MSc Psychotherapy,Verified,4,Mon-Wed,Psychotherapist,07606 711 8710,Accepting,"I am an experienced psychotherapist with experience in offering help with grief and loss and intercultural issues. I work primarily using mindfulness-based therapy. I specialise in creating a safe, non-judgmental space for clients to explore their concerns. I have experience working with diverse and multicultural populations."
49,Non-binary,USA,Yes,Bob Jones,MSc Psychotherapy,Verified,0,Wed-Fri,CBT Therapist,07392 649 1133,Not Accepting,"I am an experienced cbt therapist with experience in offering help with depression and anxiety and phobias. I work primarily using acceptance and commitment therapy (ACT). I specialise in creating a safe, non-judgmental space for clients to explore their concerns. I have over a decade of experience in private practice."
60,Prefer not to say,Germany,Yes,Bob Jones,PhD Clinical Psychology,Verified,4,Wed-Fri,CBT Therapist,07967 210 8060,Not Accepting,"I am an experienced cbt therapist with experience in offering help with complex trauma and depression and anxiety. I work primarily using person-centred therapy. I specialise in creating a safe, non-judgmental space for clients to explore their concerns. I have a background in crisis intervention."
64,Male,Canada,No,Emma Wilson,MA Counseling,Unverified,0,Mon-Wed,Art Therapist,07237 370 6992,Waitlist,"I am a qualified art therapist with experience in offering help with eating disorders and addiction and recovery. I work primarily using solution-focused therapy. I specialise in creating a safe, non-judgmental space for clients to explore their concerns. I have experience working with diverse and multicultural populations."
18,Male,USA,Yes,Carol White,PhD Clinical Psychology,Verified,5,Wed-Fri,Mental Health Counsellor,07882 512 6995,Accepting,"I am a qualified mental health counsellor with experience in offering help with self-esteem and confidence and addiction and recovery. I work primarily using person-centred therapy. I specialise in creating a safe, non-judgmental space for clients to explore their concerns. I previously worked in addiction services."
63,Male,Australia,No,Alice Smith,MA Counseling,Verified,0,Tue-Thu,Counsellor,07146 510 1838,Not Accepting,"I am an accredited counsellor with experience in offering help with workplace issues and personality disorders. I work primarily using dialectical behaviour therapy (DBT). I specialise in creating a safe, non-judgmental space for clients to explore their concerns. I have worked in both NHS and private settings."
42,Non-binary,Online Only,Yes,Bob Jones,MA Counseling,Verified,5,Wed-Fri,Clinical Psychologist,07683 675 4189,Waitlist,"I am an experienced clinical psychologist with experience in offering help with workplace issues and bipolar disorder. I work primarily using schema therapy. I specialise in creating a safe, non-judgmental space for clients to explore their concerns. I have worked extensively with both individuals and couples."
22,Prefer not to say,Other,No,Alice Smith,MA Counseling,Unverified,0,Mon-Fri,Counsellor,07471 666 5728,Waitlist,"I am an accredited counsellor with experience in offering help with eating disorders and phobias. I work primarily using psychodynamic therapy. I specialise in creating a safe, non-judgmental space for clients to explore their concerns. I previously worked in addiction services."
60,Prefer not to say,UK,Yes,Emma Wilson,MSc Psychotherapy,Unverified,0,Mon-Fri,Occupational Therapist,07175 495 9261,Accepting,"I am a qualified occupational therapist with experience in offering help with OCD and addiction and recovery. I work primarily using integrative therapy. I specialise in creating a safe, non-judgmental space for clients to explore their concerns. I have a background in crisis intervention."
33,Non-binary,Other,Yes,David Brown,PhD Clinical Psychology,Unverified,5,Tue-Thu,EMDR Therapist,07561 882 5582,Accepting,"I am an accredited emdr therapist with experience in offering help with eating disorders and intercultural issues. I work primarily using EMDR. I specialise in creating a safe, non-judgmental space for clients to explore their concerns. I have experience supporting individuals through major life transitions."
32,Female,USA,Yes,Emma Wilson,MA Counseling,Unverified,0,Wed-Fri,Art Therapist,07945 738 2946,Not Accepting,"I am an experienced art therapist with experience in offering help with trauma and PTSD and personality disorders. I work primarily using integrative therapy. I specialise in creating a safe, non-judgmental space for clients to explore their concerns. I have over a decade of experience in private practice."
59,Non-binary,USA,No,Emma Wilson,MA Psychology,Unverified,3,Wed-Fri,Art Therapist,07231 199 7453,Not Accepting,"I am a qualified art therapist with experience in offering help with depression and anxiety and family conflict. I work primarily using mindfulness-based therapy. I specialise in creating a safe, non-judgmental space for clients to explore their concerns. I have a background in crisis intervention."
35,Male,Canada,No,Emma Wilson,MA Counseling,Verified,3,Mon-Wed,Art Therapist,07482 913 6555,Waitlist,"I am an experienced art therapist with experience in offering help with personality disorders and phobias. I work primarily using cognitive behavioural therapy (CBT). I specialise in creating a safe, non-judgmental space for clients to explore their concerns. I have worked extensively with both individuals and couples."
21,Female,Germany,Yes,Bob Jones,PhD Clinical Psychology,Verified,3,Mon-Fri,Clinical Psychologist,07671 474 3363,Waitlist,"I am an experienced clinical psychologist with experience in offering help with bereavement and intercultural issues. I work primarily using integrative therapy. I specialise in creating a safe, non-judgmental space for clients to explore their concerns. I previously worked with young people in educational settings."
63,Male,UK,Yes,Emma Wilson,MSc Psychotherapy,Unverified,0,Mon-Wed,Occupational Therapist,07303 716 9341,Accepting,"I am a qualified occupational therapist with experience in offering help with life transitions and family conflict. I work primarily using integrative therapy. I specialise in creating a safe, non-judgmental space for clients to explore their concerns. I have experience supporting individuals through major life transitions."
54,Female,Online Only,Yes,David Brown,MA Psychology,Verified,4,Mon-Wed,EMDR Therapist,07511 612 1659,Not Accepting,"I am an accredited emdr therapist with experience in offering help with complex trauma and life transitions. I work primarily using EMDR. I specialise in creating a safe, non-judgmental space for clients to explore their concerns. I have a background in crisis intervention."
60,Female,Other,Yes,David Brown,MA Counseling,Unverified,2,Wed-Fri,Family Therapist,07146 139 3245,Accepting,"I am an accredited family therapist with experience in offering help with family conflict and generational trauma. I work primarily using mindfulness-based therapy. I specialise in creating a safe, non-judgmental space for clients to explore their concerns. I have experience supporting individuals through major life transitions."
38,Female,Online Only,No,David Brown,MSc Psychotherapy,Verified,3,Mon-Fri,Family Therapist,07830 441 8761,Not Accepting,"I am an accredited family therapist with experience in offering help with OCD and relationship issues. I work primarily using person-centred therapy. I specialise in creating a safe, non-judgmental space for clients to explore their concerns. I trained at a leading London institution."
59,Female,Australia,Yes,Carol White,PhD Clinical Psychology,Verified,5,Mon-Wed,Mental Health Counsellor,07631 567 3440,Accepting,"I am a qualified mental health counsellor with experience in offering help with eating disorders and stress and burnout. I work primarily using integrative therapy. I specialise in creating a safe, non-judgmental space for clients to explore their concerns. I trained at a leading London institution."
59,Male,India,No,Emma Wilson,PhD Clinical Psychology,Verified,1,Wed-Fri,Art Therapist,07720 627 3290,Not Accepting,"I am a qualified art therapist with experience in offering help with bereavement and eating disorders. I work primarily using acceptance and commitment therapy (ACT). I specialise in creating a safe, non-judgmental space for clients to explore their concerns. I have worked in both NHS and private settings."
54,Male,Other,Yes,David Brown,MA Psychology,Unverified,1,Tue-Thu,EMDR Therapist,07435 727 6218,Accepting,"I am an accredited emdr therapist with experience in offering help with trauma and PTSD and bereavement. I work primarily using dialectical behaviour therapy (DBT). I specialise in creating a safe, non-judgmental space for clients to explore their concerns. I have worked extensively with both individuals and couples."
28,Female,USA,No,Carol White,MA Psychology,Unverified,5,Mon-Fri,Mental Health Counsellor,07266 502 5902,Accepting,"I am an experienced mental health counsellor with experience in offering help with family conflict and intercultural issues. I work primarily using schema therapy. I specialise in creating a safe, non-judgmental space for clients to explore their concerns. I have worked in both NHS and private settings."
49,Non-binary,India,No,Emma Wilson,MA Counseling,Verified,5,Wed-Fri,Art Therapist,07707 444 9311,Waitlist,"I am an accredited art therapist with experience in offering help with personality disorders and workplace issues. I work primarily using mindfulness-based therapy. I specialise in creating a safe, non-judgmental space for clients to explore their concerns. I have experience working with diverse and multicultural populations."
36,Non-binary,Other,No,Emma Wilson,MSc Psychotherapy,Unverified,5,Tue-Thu,Art Therapist,07948 621 9721,Accepting,"I am a qualified art therapist with experience in offering help with generational trauma and phobias. I work primarily using person-centred therapy. I specialise in creating a safe, non-judgmental space for clients to explore their concerns. I trained at a leading London institution."
65,Non-binary,USA,No,Alice Smith,MSc Psychotherapy,Unverified,0,Mon-Wed,Psychotherapist,07601 825 5911,Not Accepting,"I am an experienced psychotherapist with experience in offering help with bereavement and self-esteem and confidence. I work primarily using EMDR. I specialise in creating a safe, non-judgmental space for clients to explore their concerns. I trained at a leading London institution."
23,Prefer not to say,Online Only,Yes,Emma Wilson,PhD Clinical Psychology,Verified,2,Mon-Wed,Art Therapist,07586 935 1272,Not Accepting,"I am an experienced art therapist with experience in offering help with complex trauma and relationship issues. I work primarily using acceptance and commitment therapy (ACT). I specialise in creating a safe, non-judgmental space for clients to explore their concerns. I trained at a leading London institution."
25,Male,UK,No,Alice Smith,PhD Clinical Psychology,Verified,3,Mon-Wed,Counsellor,07477 439 2795,Waitlist,"I am a qualified counsellor with experience in offering help with complex trauma and OCD. I work primarily using cognitive behavioural therapy (CBT). I specialise in creating a safe, non-judgmental space for clients to explore their concerns. I formerly worked in frontline mental health services."
65,Male,Other,Yes,Bob Jones,MA Counseling,Verified,5,Tue-Thu,Clinical Psychologist,07526 697 6040,Waitlist,"I am an accredited clinical psychologist with experience in offering help with addiction and recovery and intercultural issues. I work primarily using EMDR. I specialise in creating a safe, non-judgmental space for clients to explore their concerns. I have worked extensively with both individuals and couples."
46,Non-binary,India,Yes,Bob Jones,MA Counseling,Verified,0,Tue-Thu,Clinical Psychologist,07915 842 1436,Waitlist,"I am a qualified clinical psychologist with experience in offering help with family conflict and relationship issues. I work primarily using EMDR. I specialise in creating a safe, non-judgmental space for clients to explore their concerns. I have worked extensively with both individuals and couples."
32,Non-binary,Australia,No,Carol White,PhD Clinical Psychology,Unverified,5,Mon-Wed,Mental Health Counsellor,07711 585 5350,Accepting,"I am a qualified mental health counsellor with experience in offering help with stress and burnout and personality disorders. I work primarily using solution-focused therapy. I specialise in creating a safe, non-judgmental space for clients to explore their concerns. I previously worked in addiction services."
24,Prefer not to say,USA,Yes,Alice Smith,PhD Clinical Psychology,Verified,4,Mon-Wed,Counsellor,07771 901 4728,Accepting,"I am an experienced counsellor with experience in offering help with depression and anxiety and trauma and PTSD. I work primarily using schema therapy. I specialise in creating a safe, non-judgmental space for clients to explore their concerns. I previously worked with young people in educational settings."
54,Non-binary,Other,Yes,Bob Jones,MSc Psychotherapy,Unverified,2,Tue-Thu,CBT Therapist,07838 152 8871,Not Accepting,"I am an accredited cbt therapist with experience in offering help with bipolar disorder and depression and anxiety. I work primarily using integrative therapy. I specialise in creating a safe, non-judgmental space for clients to explore their concerns. I have experience supporting individuals through major life transitions."
45,Prefer not to say,India,Yes,Bob Jones,MSc Psychotherapy,Verified,4,Wed-Fri,Clinical Psychologist,07274 636 7229,Not Accepting,"I am an experienced clinical psychologist with experience in offering help with depression and anxiety and phobias. I work primarily using person-centred therapy. I specialise in creating a safe, non-judgmental space for clients to explore their concerns. I previously worked with young people in educational settings."
52,Male,USA,Yes,Bob Jones,MSc Psychotherapy,Unverified,4,Mon-Fri,CBT Therapist,07251 941 4968,Waitlist,"I am a qualified cbt therapist with experience in offering help with bipolar disorder and eating disorders. I work primarily using EMDR. I specialise in creating a safe, non-judgmental space for clients to explore their concerns. I have worked in both NHS and private settings."
39,Female,USA,No,Emma Wilson,MA Counseling,Verified,5,Mon-Wed,Occupational Therapist,07132 686 2800,Accepting,"I am an accredited occupational therapist with experience in offering help with workplace issues and bereavement. I work primarily using mindfulness-based therapy. I specialise in creating a safe, non-judgmental space for clients to explore their concerns. I have over a decade of experience in private practice."
19,Non-binary,Canada,Yes,Alice Smith,MSc Psychotherapy,Verified,1,Tue-Thu,Counsellor,07295 119 8225,Accepting,"I am an experienced counsellor with experience in offering help with trauma and PTSD and eating disorders. I work primarily using mindfulness-based therapy. I specialise in creating a safe, non-judgmental space for clients to explore their concerns. I previously worked in addiction services."
38,Female,India,Yes,Bob Jones,MA Psychology,Verified,3,Wed-Fri,CBT Therapist,07421 528 3481,Not Accepting,"I am an experienced cbt therapist with experience in offering help with workplace issues and phobias. I work primarily using integrative therapy. I specialise in creating a safe, non-judgmental space for clients to explore their concerns. I have experience working with diverse and multicultural populations."
33,Non-binary,UK,Yes,Alice Smith,MA Psychology,Verified,0,Wed-Fri,Psychotherapist,07522 807 4340,Waitlist,"I am an accredited psychotherapist with experience in offering help with generational trauma and OCD. I work primarily using acceptance and commitment therapy (ACT). I specialise in creating a safe, non-judgmental space for clients to explore their concerns. I trained at a leading London institution."
56,Prefer not to say,Online Only,Yes,David Brown,MSc Psychotherapy,Verified,4,Wed-Fri,EMDR Therapist,07520 613 8726,Waitlist,"I am an accredited emdr therapist with experience in offering help with complex trauma and personality disorders. I work primarily using cognitive behavioural therapy (CBT). I specialise in creating a safe, non-judgmental space for clients to explore their concerns. I previously worked with young people in educational settings."
20,Male,Australia,No,David Brown,MSc Psychotherapy,Verified,5,Mon-Wed,Family Therapist,07993 968 2020,Not Accepting,"I am an experienced family therapist with experience in offering help with generational trauma and intercultural issues. I work primarily using cognitive behavioural therapy (CBT). I specialise in creating a safe, non-judgmental space for clients to explore their concerns. I have worked extensively with both individuals and couples."
31,Male,Germany,No,Emma Wilson,PhD Clinical Psychology,Unverified,4,Tue-Thu,Art Therapist,07822 241 9498,Accepting,"I am a qualified art therapist with experience in offering help with complex trauma and early childhood trauma. I work primarily using integrative therapy. I specialise in creating a safe, non-judgmental space for clients to explore their concerns. I formerly worked in frontline mental health services."
64,Female,Germany,Yes,David Brown,PhD Clinical Psychology,Unverified,0,Mon-Fri,Family Therapist,07312 674 6325,Accepting,"I am an experienced family therapist with experience in offering help with addiction and recovery and life transitions. I work primarily using dialectical behaviour therapy (DBT). I specialise in creating a safe, non-judgmental space for clients to explore their concerns. I formerly worked in frontline mental health services."
45,Female,Australia,No,Carol White,MA Counseling,Unverified,2,Tue-Thu,Mental Health Counsellor,07778 589 9609,Not Accepting,"I am an experienced mental health counsellor with experience in offering help with trauma and PTSD and early childhood trauma. I work primarily using cognitive behavioural therapy (CBT). I specialise in creating a safe, non-judgmental space for clients to explore their concerns. I formerly worked in frontline mental health services."
36,Female,India,No,Alice Smith,MA Psychology,Verified,0,Tue-Thu,Psychotherapist,07485 421 3837,Waitlist,"I am an accredited psychotherapist with experience in offering help with early childhood trauma and stress and burnout. I work primarily using acceptance and commitment therapy (ACT). I specialise in creating a safe, non-judgmental space for clients to explore their concerns. I have experience working with diverse and multicultural populations."
25,Female,USA,No,Bob Jones,MA Psychology,Unverified,0,Wed-Fri,Clinical Psychologist,07570 645 6608,Accepting,"I am an accredited clinical psychologist with experience in offering help with life transitions and addiction and recovery. I work primarily using acceptance and commitment therapy (ACT). I specialise in creating a safe, non-judgmental space for clients to explore their concerns. I have over a decade of experience in private practice."
41,Non-binary,India,Yes,Carol White,MA Counseling,Verified,3,Mon-Fri,Mental Health Counsellor,07659 462 5331,Not Accepting,"I am an experienced mental health counsellor with experience in offering help with depression and anxiety and eating disorders. I work primarily using solution-focused therapy. I specialise in creating a safe, non-judgmental space for clients to explore their concerns. I have worked in both NHS and private settings."
52,Male,Canada,No,Carol White,MSc Psychotherapy,Unverified,1,Mon-Wed,Mental Health Counsellor,07724 595 4150,Waitlist,"I am an experienced mental health counsellor with experience in offering help with workplace issues and addiction and recovery. I work primarily using dialectical behaviour therapy (DBT). I specialise in creating a safe, non-judgmental space for clients to explore their concerns. I have worked extensively with both individuals and couples."
47,Prefer not to say,Online Only,Yes,David Brown,MSc Psychotherapy,Verified,4,Mon-Wed,Family Therapist,07352 385 5890,Accepting,"I am an experienced family therapist with experience in offering help with generational trauma and stress and burnout. I work primarily using psychodynamic therapy. I specialise in creating a safe, non-judgmental space for clients to explore their concerns. I have experience supporting individuals through major life transitions."
55,Non-binary,USA,No,Alice Smith,MA Counseling,Verified,1,Wed-Fri,Counsellor,07330 404 5735,Not Accepting,"I am an accredited counsellor with experience in offering help with phobias and early childhood trauma. I work primarily using mindfulness-based therapy. I specialise in creating a safe, non-judgmental space for clients to explore their concerns. I have worked in both NHS and private settings."
38,Female,Germany,Yes,Bob Jones,MA Psychology,Unverified,2,Mon-Wed,Clinical Psychologist,07821 312 9011,Accepting,"I am a qualified clinical psychologist with experience in offering help with family conflict and intercultural issues. I work primarily using dialectical behaviour therapy (DBT). I specialise in creating a safe, non-judgmental space for clients to explore their concerns. I previously worked with young people in educational settings."
61,Female,Australia,No,Carol White,MA Psychology,Unverified,4,Tue-Thu,Mental Health Counsellor,07424 591 6714,Accepting,"I am a qualified mental health counsellor with experience in offering help with workplace issues and intercultural issues. I work primarily using integrative therapy. I specialise in creating a safe, non-judgmental space for clients to explore their concerns. I have experience working with diverse and multicultural populations."
63,Prefer not to say,India,No,Emma Wilson,MSc Psychotherapy,Unverified,1,Wed-Fri,Art Therapist,07673 914 5480,Accepting,"I am an accredited art therapist with experience in offering help with complex trauma and trauma and PTSD. I work primarily using schema therapy. I specialise in creating a safe, non-judgmental space for clients to explore their concerns. I previously worked in addiction services."
53,Female,USA,Yes,Bob Jones,PhD Clinical Psychology,Verified,2,Mon-Fri,Clinical Psychologist,07394 224 9899,Not Accepting,"I am an accredited clinical psychologist with experience in offering help with family conflict and OCD. I work primarily using person-centred therapy. I specialise in creating a safe, non-judgmental space for clients to explore their concerns. I formerly worked in frontline mental health services."
28,Prefer not to say,Online Only,No,David Brown,MA Counseling,Unverified,5,Tue-Thu,EMDR Therapist,07488 504 6654,Not Accepting,"I am an accredited emdr therapist with experience in offering help with relationship issues and early childhood trauma. I work primarily using dialectical behaviour therapy (DBT). I specialise in creating a safe, non-judgmental space for clients to explore their concerns. I previously worked in addiction services."
51,Non-binary,Online Only,No,Alice Smith,MA Counseling,Verified,3,Mon-Fri,Counsellor,07891 923 3399,Not Accepting,"I am a qualified counsellor with experience in offering help with relationship issues and workplace issues. I work primarily using psychodynamic therapy. I specialise in creating a safe, non-judgmental space for clients to explore their concerns. I have worked in both NHS and private settings."
64,Prefer not to say,Online Only,No,Emma Wilson,MSc Psychotherapy,Unverified,2,Mon-Fri,Occupational Therapist,07397 143 5712,Accepting,"I am a qualified occupational therapist with experience in offering help with grief and loss and self-esteem and confidence. I work primarily using mindfulness-based therapy. I specialise in creating a safe, non-judgmental space for clients to explore their concerns. I have a background in crisis intervention."
33,Non-binary,USA,Yes,Bob Jones,MA Counseling,Unverified,1,Tue-Thu,Clinical Psychologist,07831 180 6674,Accepting,"I am a qualified clinical psychologist with experience in offering help with trauma and PTSD and early childhood trauma. I work primarily using EMDR. I specialise in creating a safe, non-judgmental space for clients to explore their concerns. I formerly worked in frontline mental health services."
55,Female,Online Only,Yes,Bob Jones,MA Psychology,Unverified,0,Mon-Fri,CBT Therapist,07552 771 5201,Waitlist,"I am an accredited cbt therapist with experience in offering help with bipolar disorder and OCD. I work primarily using solution-focused therapy. I specialise in creating a safe, non-judgmental space for clients to explore their concerns. I have worked in both NHS and private settings."
38,Female,Australia,No,Carol White,MSc Psychotherapy,Verified,4,Wed-Fri,Mental Health Counsellor,07865 590 4505,Not Accepting,"I am a qualified mental health counsellor with experience in offering help with trauma and PTSD and depression and anxiety. I work primarily using EMDR. I specialise in creating a safe, non-judgmental space for clients to explore their concerns. I have over a decade of experience in private practice."
54,Female,Germany,Yes,Bob Jones,MA Psychology,Unverified,3,Wed-Fri,CBT Therapist,07306 947 9824,Accepting,"I am an experienced cbt therapist with experience in offering help with bipolar disorder and self-esteem and confidence. I work primarily using dialectical behaviour therapy (DBT). I specialise in creating a safe, non-judgmental space for clients to explore their concerns. I have a background in crisis intervention."
60,Non-binary,UK,No,Alice Smith,PhD Clinical Psychology,Verified,1,Tue-Thu,Counsellor,07377 675 5450,Waitlist,"I am an accredited counsellor with experience in offering help with relationship issues and bipolar disorder. I work primarily using integrative therapy. I specialise in creating a safe, non-judgmental space for clients to explore their concerns. I have over a decade of experience in private practice."
62,Female,Australia,Yes,Alice Smith,MA Counseling,Unverified,5,Mon-Wed,Psychotherapist,07240 211 4920,Accepting,"I am a qualified psychotherapist with experience in offering help with personality disorders and phobias. I work primarily using acceptance and commitment therapy (ACT). I specialise in creating a safe, non-judgmental space for clients to explore their concerns. I have a background in crisis intervention."
19,Male,Germany,Yes,Bob Jones,MA Counseling,Verified,3,Mon-Fri,CBT Therapist,07348 151 9700,Accepting,"I am an accredited cbt therapist with experience in offering help with family conflict and stress and burnout. I work primarily using EMDR. I specialise in creating a safe, non-judgmental space for clients to explore their concerns. I have worked in both NHS and private settings."
42,Female,Online Only,No,Carol White,MA Psychology,Unverified,2,Tue-Thu,Mental Health Counsellor,07331 753 4814,Accepting,"I am an experienced mental health counsellor with experience in offering help with trauma and PTSD and complex trauma. I work primarily using psychodynamic therapy. I specialise in creating a safe, non-judgmental space for clients to explore their concerns. I have experience working with diverse and multicultural populations."
64,Female,USA,Yes,Emma Wilson,MSc Psychotherapy,Verified,1,Mon-Fri,Art Therapist,07153 202 7771,Accepting,"I am an experienced art therapist with experience in offering help with family conflict and bereavement. I work primarily using acceptance and commitment therapy (ACT). I specialise in creating a safe, non-judgmental space for clients to explore their concerns. I have over a decade of experience in private practice."
40,Prefer not to say,USA,No,Emma Wilson,MSc Psychotherapy,Verified,0,Tue-Thu,Art Therapist,07438 834 8739,Accepting,"I am an experienced art therapist with experience in offering help with personality disorders and bipolar disorder. I work primarily using dialectical behaviour therapy (DBT). I specialise in creating a safe, non-judgmental space for clients to explore their concerns. I formerly worked in frontline mental health services."
43,Non-binary,Online Only,Yes,Carol White,MA Counseling,Verified,0,Mon-Fri,Mental Health Counsellor,07202 797 3252,Waitlist,"I am a qualified mental health counsellor with experience in offering help with generational trauma and family conflict. I work primarily using acceptance and commitment therapy (ACT). I specialise in creating a safe, non-judgmental space for clients to explore their concerns. I have worked in both NHS and private settings."
49,Female,Online Only,No,David Brown,MA Psychology,Verified,5,Mon-Wed,Family Therapist,07105 663 3587,Waitlist,"I am an experienced family therapist with experience in offering help with self-esteem and confidence and trauma and PTSD. I work primarily using psychodynamic therapy. I specialise in creating a safe, non-judgmental space for clients to explore their concerns. I have a background in crisis intervention."
34,Non-binary,USA,Yes,Alice Smith,PhD Clinical Psychology,Verified,0,Tue-Thu,Counsellor,07516 768 8793,Not Accepting,"I am an experienced counsellor with experience in offering help with OCD and depression and anxiety. I work primarily using schema therapy. I specialise in creating a safe, non-judgmental space for clients to explore their concerns. I have worked extensively with both individuals and couples."
48,Prefer not to say,Online Only,No,David Brown,MA Psychology,Verified,0,Wed-Fri,Family Therapist,07588 766 4267,Accepting,"I am an experienced family therapist with experience in offering help with bereavement and grief and loss. I work primarily using integrative therapy. I specialise in creating a safe, non-judgmental space for clients to explore their concerns. I have experience supporting individuals through major life transitions."
41,Male,Online Only,Yes,Carol White,MSc Psychotherapy,Verified,4,Mon-Wed,Mental Health Counsellor,07874 394 6262,Accepting,"I am a qualified mental health counsellor with experience in offering help with phobias and early childhood trauma. I work primarily using solution-focused therapy. I specialise in creating a safe, non-judgmental space for clients to explore their concerns. I previously worked with young people in educational settings."
19,Female,India,No,David Brown,MA Counseling,Verified,5,Wed-Fri,EMDR Therapist,07392 761 1969,Accepting,"I am an experienced emdr therapist with experience in offering help with bipolar disorder and personality disorders. I work primarily using EMDR. I specialise in creating a safe, non-judgmental space for clients to explore their concerns. I have experience supporting individuals through major life transitions."
26,Male,Canada,Yes,Carol White,MA Counseling,Unverified,3,Mon-Wed,Mental Health Counsellor,07887 191 4804,Not Accepting,"I am a qualified mental health counsellor with experience in offering help with trauma and PTSD and depression and anxiety. I work primarily using EMDR. I specialise in creating a safe, non-judgmental space for clients to explore their concerns. I have experience supporting individuals through major life transitions."
54,Prefer not to say,Online Only,No,Emma Wilson,MA Counseling,Unverified,1,Wed-Fri,Occupational Therapist,07647 856 1611,Not Accepting,"I am a qualified occupational therapist with experience in offering help with family conflict and complex trauma. I work primarily using psychodynamic therapy. I specialise in creating a safe, non-judgmental space for clients to explore their concerns. I previously worked in addiction services."
48,Prefer not to say,Other,No,Emma Wilson,PhD Clinical Psychology,Unverified,0,Mon-Wed,Occupational Therapist,07279 527 3880,Accepting,"I am an experienced occupational therapist with experience in offering help with grief and loss and OCD. I work primarily using mindfulness-based therapy. I specialise in creating a safe, non-judgmental space for clients to explore their concerns. I formerly worked in frontline mental health services."
28,Non-binary,Canada,Yes,David Brown,PhD Clinical Psychology,Verified,4,Mon-Fri,Family Therapist,07137 956 7504,Accepting,"I am an accredited family therapist with experience in offering help with grief and loss and life transitions. I work primarily using solution-focused therapy. I specialise in creating a safe, non-judgmental space for clients to explore their concerns. I have experience working with diverse and multicultural populations."
20,Female,Other,No,David Brown,MSc Psychotherapy,Verified,0,Wed-Fri,Family Therapist,07906 607 4052,Waitlist,"I am a qualified family therapist with experience in offering help with relationship issues and self-esteem and confidence. I work primarily using acceptance and commitment therapy (ACT). I specialise in creating a safe, non-judgmental space for clients to explore their concerns. I have worked extensively with both individuals and couples."
29,Female,UK,Yes,Alice Smith,MA Psychology,Verified,5,Mon-Fri,Counsellor,07866 993 5742,Accepting,"I am an accredited counsellor with experience in offering help with relationship issues and family conflict. I work primarily using acceptance and commitment therapy (ACT). I specialise in creating a safe, non-judgmental space for clients to explore their concerns. I trained at a leading London institution."
51,Non-binary,Other,Yes,Emma Wilson,MA Psychology,Unverified,5,Tue-Thu,Art Therapist,07997 138 1151,Accepting,"I am a qualified art therapist with experience in offering help with family conflict and depression and anxiety. I work primarily using psychodynamic therapy. I specialise in creating a safe, non-judgmental space for clients to explore their concerns. I have experience working with diverse and multicultural populations."
64,Female,UK,No,Alice Smith,MA Psychology,Verified,0,Mon-Fri,Psychotherapist,07405 681 2758,Accepting,"I am an accredited psychotherapist with experience in offering help with trauma and PTSD and life transitions. I work primarily using schema therapy. I specialise in creating a safe, non-judgmental space for clients to explore their concerns. I formerly worked in frontline mental health services."
33,Female,Other,Yes,David Brown,PhD Clinical Psychology,Unverified,2,Wed-Fri,EMDR Therapist,07443 391 8444,Accepting,"I am an accredited emdr therapist with experience in offering help with phobias and eating disorders. I work primarily using schema therapy. I specialise in creating a safe, non-judgmental space for clients to explore their concerns. I have experience supporting individuals through major life transitions."
27,Prefer not to say,India,No,Carol White,MA Counseling,Verified,5,Mon-Wed,Psychodynamic Therapist,07756 656 9590,Not Accepting,"I am an accredited psychodynamic therapist with experience in offering help with self-esteem and confidence and OCD. I work primarily using integrative therapy. I specialise in creating a safe, non-judgmental space for clients to explore their concerns. I formerly worked in frontline mental health services."
44,Non-binary,Australia,Yes,Emma Wilson,MSc Psychotherapy,Unverified,1,Mon-Fri,Art Therapist,07605 237 9261,Not Accepting,"I am an experienced art therapist with experience in offering help with self-esteem and confidence and OCD. I work primarily using schema therapy. I specialise in creating a safe, non-judgmental space for clients to explore their concerns. I have worked extensively with both individuals and couples."
42,Prefer not to say,India,Yes,Carol White,MSc Psychotherapy,Unverified,3,Mon-Wed,Mental Health Counsellor,07579 379 4159,Waitlist,"I am an accredited mental health counsellor with experience in offering help with family conflict and bipolar disorder. I work primarily using acceptance and commitment therapy (ACT). I specialise in creating a safe, non-judgmental space for clients to explore their concerns. I have worked in both NHS and private settings."
22,Prefer not to say,Germany,Yes,Alice Smith,PhD Clinical Psychology,Unverified,2,Tue-Thu,Psychotherapist,07928 215 6417,Accepting,"I am an experienced psychotherapist with experience in offering help with grief and loss and depression and anxiety. I work primarily using integrative therapy. I specialise in creating a safe, non-judgmental space for clients to explore their concerns. I trained at a leading London institution."
54,Non-binary,USA,No,Alice Smith,PhD Clinical Psychology,Verified,2,Tue-Thu,Counsellor,07266 848 8518,Waitlist,"I am an experienced counsellor with experience in offering help with eating disorders and life transitions. I work primarily using schema therapy. I specialise in creating a safe, non-judgmental space for clients to explore their concerns. I trained at a leading London institution."
61,Male,Other,Yes,Bob Jones,MA Counseling,Unverified,3,Wed-Fri,Clinical Psychologist,07763 363 4050,Not Accepting,"I am an accredited clinical psychologist with experience in offering help with early childhood trauma and trauma and PTSD. I work primarily using EMDR. I specialise in creating a safe, non-judgmental space for clients to explore their concerns. I previously worked in addiction services."
42,Male,Canada,No,Emma Wilson,MA Counseling,Verified,0,Mon-Wed,Art Therapist,07114 854 6523,Accepting,"I am an accredited art therapist with experience in offering help with stress and burnout and early childhood trauma. I work primarily using mindfulness-based therapy. I specialise in creating a safe, non-judgmental space for clients to explore their concerns. I have worked extensively with both individuals and couples."
37,Male,Canada,Yes,Emma Wilson,PhD Clinical Psychology,Verified,0,Mon-Fri,Art Therapist,07909 402 4164,Not Accepting,"I am a qualified art therapist with experience in offering help with intercultural issues and early childhood trauma. I work primarily using solution-focused therapy. I specialise in creating a safe, non-judgmental space for clients to explore their concerns. I previously worked with young people in educational settings."
34,Non-binary,Australia,No,Alice Smith,MSc Psychotherapy,Verified,1,Mon-Fri,Psychotherapist,07279 725 7643,Not Accepting,"I am an accredited psychotherapist with experience in offering help with intercultural issues and OCD. I work primarily using psychodynamic therapy. I specialise in creating a safe, non-judgmental space for clients to explore their concerns. I have experience working with diverse and multicultural populations."
39,Non-binary,India,Yes,Carol White,MA Counseling,Verified,0,Tue-Thu,Mental Health Counsellor,07946 537 9442,Not Accepting,"I am an experienced mental health counsellor with experience in offering help with bereavement and early childhood trauma. I work primarily using acceptance and commitment therapy (ACT). I specialise in creating a safe, non-judgmental space for clients to explore their concerns. I previously worked in addiction services."
45,Female,Australia,Yes,Emma Wilson,MA Counseling,Verified,2,Mon-Wed,Art Therapist,07435 188 7567,Accepting,"I am an accredited art therapist with experience in offering help with bereavement and workplace issues. I work primarily using EMDR. I specialise in creating a safe, non-judgmental space for clients to explore their concerns. I previously worked in addiction services."
21,Male,Other,No,Alice Smith,MSc Psychotherapy,Unverified,2,Mon-Wed,Psychotherapist,07785 197 4027,Not Accepting,"I am an experienced psychotherapist with experience in offering help with workplace issues and trauma and PTSD. I work primarily using schema therapy. I specialise in creating a safe, non-judgmental space for clients to explore their concerns. I have experience working with diverse and multicultural populations."
23,Male,Canada,Yes,Bob Jones,MA Counseling,Verified,5,Tue-Thu,CBT Therapist,07243 588 6301,Accepting,"I am an accredited cbt therapist with experience in offering help with family conflict and workplace issues. I work primarily using EMDR. I specialise in creating a safe, non-judgmental space for clients to explore their concerns. I have worked extensively with both individuals and couples."
52,Non-binary,UK,Yes,David Brown,MSc Psychotherapy,Unverified,2,Mon-Fri,Family Therapist,07354 106 5272,Waitlist,"I am an experienced family therapist with experience in offering help with generational trauma and early childhood trauma. I work primarily using solution-focused therapy. I specialise in creating a safe, non-judgmental space for clients to explore their concerns. I have worked extensively with both individuals and couples."
52,Male,Online Only,No,Emma Wilson,MA Psychology,Unverified,3,Tue-Thu,Occupational Therapist,07492 341 8319,Accepting,"I am an experienced occupational therapist with experience in offering help with OCD and workplace issues. I work primarily using solution-focused therapy. I specialise in creating a safe, non-judgmental space for clients to explore their concerns. I have experience working with diverse and multicultural populations."
21,Prefer not to say,Online Only,Yes,David Brown,MA Counseling,Unverified,5,Mon-Wed,Family Therapist,07871 373 6400,Not Accepting,"I am a qualified family therapist with experience in offering help with grief and loss and addiction and recovery. I work primarily using solution-focused therapy. I specialise in creating a safe, non-judgmental space for clients to explore their concerns. I trained at a leading London institution."
20,Male,India,No,Carol White,MA Counseling,Unverified,0,Mon-Fri,Mental Health Counsellor,07409 696 1187,Not Accepting,"I am an experienced mental health counsellor with experience in offering help with self-esteem and confidence and generational trauma. I work primarily using EMDR. I specialise in creating a safe, non-judgmental space for clients to explore their concerns. I have experience working with diverse and multicultural populations."
56,Prefer not to say,Other,Yes,Bob Jones,MA Psychology,Verified,0,Tue-Thu,CBT Therapist,07367 769 6890,Accepting,"I am an experienced cbt therapist with experience in offering help with workplace issues and eating disorders. I work primarily using schema therapy. I specialise in creating a safe, non-judgmental space for clients to explore their concerns. I trained at a leading London institution."
65,Male,Other,No,Emma Wilson,MSc Psychotherapy,Unverified,0,Mon-Wed,Art Therapist,07809 341 2017,Not Accepting,"I am an experienced art therapist with experience in offering help with life transitions and intercultural issues. I work primarily using person-centred therapy. I specialise in creating a safe, non-judgmental space for clients to explore their concerns. I previously worked with young people in educational settings."
56,Non-binary,Canada,Yes,David Brown,MA Counseling,Verified,0,Mon-Wed,EMDR Therapist,07783 221 8625,Not Accepting,"I am an experienced emdr therapist with experience in offering help with eating disorders and bipolar disorder. I work primarily using EMDR. I specialise in creating a safe, non-judgmental space for clients to explore their concerns. I have over a decade of experience in private practice."
33,Non-binary,India,No,David Brown,MA Psychology,Unverified,1,Wed-Fri,Family Therapist,07414 263 7642,Not Accepting,"I am an experienced family therapist with experience in offering help with life transitions and OCD. I work primarily using psychodynamic therapy. I specialise in creating a safe, non-judgmental space for clients to explore their concerns. I trained at a leading London institution."
54,Male,Online Only,No,Alice Smith,MSc Psychotherapy,Verified,5,Wed-Fri,Counsellor,07802 614 6095,Not Accepting,"I am an experienced counsellor with experience in offering help with family conflict and bereavement. I work primarily using dialectical behaviour therapy (DBT). I specialise in creating a safe, non-judgmental space for clients to explore their concerns. I have experience working with diverse and multicultural populations."
27,Prefer not to say,Canada,Yes,David Brown,MA Counseling,Unverified,5,Tue-Thu,Family Therapist,07806 220 5833,Not Accepting,"I am an experienced family therapist with experience in offering help with life transitions and eating disorders. I work primarily using solution-focused therapy. I specialise in creating a safe, non-judgmental space for clients to explore their concerns. I formerly worked in frontline mental health services."
40,Female,UK,Yes,Carol White,PhD Clinical Psychology,Unverified,1,Mon-Fri,Psychodynamic Therapist,07476 729 4618,Waitlist,"I am an accredited psychodynamic therapist with experience in offering help with early childhood trauma and depression and anxiety. I work primarily using solution-focused therapy. I specialise in creating a safe, non-judgmental space for clients to explore their concerns. I have over a decade of experience in private practice."
24,Prefer not to say,UK,No,David Brown,MA Psychology,Verified,2,Mon-Fri,EMDR Therapist,07324 236 8834,Not Accepting,"I am a qualified emdr therapist with experience in offering help with trauma and PTSD and intercultural issues. I work primarily using mindfulness-based therapy. I specialise in creating a safe, non-judgmental space for clients to explore their concerns. I have over a decade of experience in private practice."
49,Male,USA,No,Carol White,MSc Psychotherapy,Unverified,2,Wed-Fri,Psychodynamic Therapist,07256 565 7121,Waitlist,"I am an accredited psychodynamic therapist with experience in offering help with addiction and recovery and generational trauma. I work primarily using cognitive behavioural therapy (CBT). I specialise in creating a safe, non-judgmental space for clients to explore their concerns. I have a background in crisis intervention."
63,Non-binary,Online Only,Yes,Carol White,PhD Clinical Psychology,Unverified,3,Mon-Wed,Psychodynamic Therapist,07525 818 9998,Not Accepting,"I am an accredited psychodynamic therapist with experience in offering help with life transitions and trauma and PTSD. I work primarily using integrative therapy. I specialise in creating a safe, non-judgmental space for clients to explore their concerns. I previously worked in addiction services."
37,Female,UK,Yes,Alice Smith,MSc Psychotherapy,Unverified,4,Wed-Fri,Counsellor,07582 875 9806,Accepting,"I am a qualified counsellor with experience in offering help with phobias and life transitions. I work primarily using person-centred therapy. I specialise in creating a safe, non-judgmental space for clients to explore their concerns. I have experience supporting individuals through major life transitions."
23,Female,Other,No,Bob Jones,PhD Clinical Psychology,Verified,2,Tue-Thu,CBT Therapist,07921 780 4578,Accepting,"I am a qualified cbt therapist with experience in offering help with grief and loss and workplace issues. I work primarily using mindfulness-based therapy. I specialise in creating a safe, non-judgmental space for clients to explore their concerns. I formerly worked in frontline mental health services."
45,Prefer not to say,Online Only,No,Carol White,PhD Clinical Psychology,Verified,5,Wed-Fri,Psychodynamic Therapist,07880 353 2341,Not Accepting,"I am an accredited psychodynamic therapist with experience in offering help with personality disorders and stress and burnout. I work primarily using integrative therapy. I specialise in creating a safe, non-judgmental space for clients to explore their concerns. I have experience supporting individuals through major life transitions."
56,Male,India,No,David Brown,MA Psychology,Verified,0,Mon-Fri,EMDR Therapist,07638 557 9653,Not Accepting,"I am a qualified emdr therapist with experience in offering help with depression and anxiety and addiction and recovery. I work primarily using person-centred therapy. I specialise in creating a safe, non-judgmental space for clients to explore their concerns. I have worked extensively with both individuals and couples."
36,Female,India,No,David Brown,MA Psychology,Verified,2,Tue-Thu,Family Therapist,07820 470 2279,Accepting,"I am an experienced family therapist with experience in offering help with grief and loss and bipolar disorder. I work primarily using dialectical behaviour therapy (DBT). I specialise in creating a safe, non-judgmental space for clients to explore their concerns. I have experience supporting individuals through major life transitions."
47,Female,UK,Yes,Carol White,PhD Clinical Psychology,Unverified,2,Mon-Fri,Mental Health Counsellor,07677 214 2011,Accepting,"I am a qualified mental health counsellor with experience in offering help with phobias and intercultural issues. I work primarily using person-centred therapy. I specialise in creating a safe, non-judgmental space for clients to explore their concerns. I have a background in crisis intervention."
46,Female,Other,Yes,David Brown,MA Psychology,Verified,1,Tue-Thu,EMDR Therapist,07948 660 9281,Not Accepting,"I am an experienced emdr therapist with experience in offering help with complex trauma and relationship issues. I work primarily using EMDR. I specialise in creating a safe, non-judgmental space for clients to explore their concerns. I have over a decade of experience in private practice."
58,Female,Canada,Yes,Emma Wilson,MSc Psychotherapy,Verified,0,Mon-Wed,Occupational Therapist,07307 686 9792,Accepting,"I am a qualified occupational therapist with experience in offering help with workplace issues and early childhood trauma. I work primarily using solution-focused therapy. I specialise in creating a safe, non-judgmental space for clients to explore their concerns. I formerly worked in frontline mental health services."
43,Non-binary,UK,Yes,Alice Smith,MA Counseling,Unverified,3,Wed-Fri,Psychotherapist,07253 268 6375,Accepting,"I am an accredited psychotherapist with experience in offering help with addiction and recovery and life transitions. I work primarily using mindfulness-based therapy. I specialise in creating a safe, non-judgmental space for clients to explore their concerns. I have over a decade of experience in private practice."
34,Male,Other,No,David Brown,MSc Psychotherapy,Verified,3,Mon-Fri,Family Therapist,07974 632 8239,Not Accepting,"I am a qualified family therapist with experience in offering help with bereavement and addiction and recovery. I work primarily using cognitive behavioural therapy (CBT). I specialise in creating a safe, non-judgmental space for clients to explore their concerns. I trained at a leading London institution."
31,Male,Other,Yes,Alice Smith,PhD Clinical Psychology,Unverified,3,Tue-Thu,Counsellor,07219 796 4365,Waitlist,"I am an experienced counsellor with experience in offering help with generational trauma and trauma and PTSD. I work primarily using EMDR. I specialise in creating a safe, non-judgmental space for clients to explore their concerns. I trained at a leading London institution."
25,Non-binary,Online Only,Yes,Carol White,MSc Psychotherapy,Verified,2,Wed-Fri,Psychodynamic Therapist,07834 697 9008,Not Accepting,"I am an experienced psychodynamic therapist with experience in offering help with trauma and PTSD and eating disorders. I work primarily using acceptance and commitment therapy (ACT). I specialise in creating a safe, non-judgmental space for clients to explore their concerns. I have worked extensively with both individuals and couples."
64,Female,Germany,Yes,Carol White,PhD Clinical Psychology,Unverified,3,Mon-Fri,Mental Health Counsellor,07193 622 8298,Waitlist,"I am an accredited mental health counsellor with experience in offering help with bipolar disorder and relationship issues. I work primarily using integrative therapy. I specialise in creating a safe, non-judgmental space for clients to explore their concerns. I have experience supporting individuals through major life transitions."
61,Male,India,Yes,Carol White,MSc Psychotherapy,Unverified,5,Mon-Wed,Psychodynamic Therapist,07928 156 8429,Waitlist,"I am an accredited psychodynamic therapist with experience in offering help with complex trauma and workplace issues. I work primarily using psychodynamic therapy. I specialise in creating a safe, non-judgmental space for clients to explore their concerns. I have experience supporting individuals through major life transitions."
18,Prefer not to say,India,Yes,Alice Smith,MSc Psychotherapy,Verified,3,Tue-Thu,Counsellor,07235 625 7806,Accepting,"I am an accredited counsellor with experience in offering help with stress and burnout and life transitions. I work primarily using schema therapy. I specialise in creating a safe, non-judgmental space for clients to explore their concerns. I have experience working with diverse and multicultural populations."
55,Non-binary,Australia,Yes,David Brown,MA Psychology,Verified,3,Mon-Fri,EMDR Therapist,07567 677 1945,Waitlist,"I am a qualified emdr therapist with experience in offering help with bipolar disorder and grief and loss. I work primarily using person-centred therapy. I specialise in creating a safe, non-judgmental space for clients to explore their concerns. I trained at a leading London institution."
63,Prefer not to say,UK,No,Emma Wilson,PhD Clinical Psychology,Verified,5,Mon-Fri,Occupational Therapist,07672 573 6049,Accepting,"I am an experienced occupational therapist with experience in offering help with bipolar disorder and eating disorders. I work primarily using person-centred therapy. I specialise in creating a safe, non-judgmental space for clients to explore their concerns. I have worked extensively with both individuals and couples."
34,Non-binary,Online Only,No,Alice Smith,PhD Clinical Psychology,Unverified,1,Mon-Wed,Psychotherapist,07840 122 7487,Waitlist,"I am an experienced psychotherapist with experience in offering help with family conflict and life transitions. I work primarily using cognitive behavioural therapy (CBT). I specialise in creating a safe, non-judgmental space for clients to explore their concerns. I have worked in both NHS and private settings."
59,Female,Other,Yes,Emma Wilson,MA Counseling,Unverified,0,Tue-Thu,Occupational Therapist,07360 936 1049,Not Accepting,"I am an experienced occupational therapist with experience in offering help with bipolar disorder and self-esteem and confidence. I work primarily using person-centred therapy. I specialise in creating a safe, non-judgmental space for clients to explore their concerns. I have worked extensively with both individuals and couples."
46,Non-binary,Germany,No,David Brown,MSc Psychotherapy,Verified,1,Wed-Fri,Family Therapist,07863 323 2196,Accepting,"I am an accredited family therapist with experience in offering help with grief and loss and trauma and PTSD. I work primarily using integrative therapy. I specialise in creating a safe, non-judgmental space for clients to explore their concerns. I have experience working with diverse and multicultural populations."
28,Non-binary,Online Only,Yes,David Brown,MSc Psychotherapy,Verified,5,Mon-Fri,EMDR Therapist,07146 533 6644,Accepting,"I am an accredited emdr therapist with experience in offering help with personality disorders and addiction and recovery. I work primarily using schema therapy. I specialise in creating a safe, non-judgmental space for clients to explore their concerns. I have a background in crisis intervention."
41,Non-binary,Australia,No,Alice Smith,MA Counseling,Unverified,5,Tue-Thu,Psychotherapist,07817 165 9866,Waitlist,"I am a qualified psychotherapist with experience in offering help with workplace issues and bipolar disorder. I work primarily using schema therapy. I specialise in creating a safe, non-judgmental space for clients to explore their concerns. I have experience supporting individuals through major life transitions."
61,Female,India,No,Bob Jones,PhD Clinical Psychology,Verified,0,Tue-Thu,Clinical Psychologist,07161 170 8734,Accepting,"I am a qualified clinical psychologist with experience in offering help with family conflict and trauma and PTSD. I work primarily using mindfulness-based therapy. I specialise in creating a safe, non-judgmental space for clients to explore their concerns. I previously worked with young people in educational settings."
62,Prefer not to say,Australia,Yes,Emma Wilson,MSc Psychotherapy,Verified,1,Mon-Wed,Occupational Therapist,07132 393 7698,Waitlist,"I am an experienced occupational therapist with experience in offering help with workplace issues and relationship issues. I work primarily using psychodynamic therapy. I specialise in creating a safe, non-judgmental space for clients to explore their concerns. I have over a decade of experience in private practice."
32,Prefer not to say,UK,No,Carol White,MA Counseling,Verified,0,Mon-Fri,Psychodynamic Therapist,07284 887 3218,Waitlist,"I am an experienced psychodynamic therapist with experience in offering help with life transitions and depression and anxiety. I work primarily using psychodynamic therapy. I specialise in creating a safe, non-judgmental space for clients to explore their concerns. I previously worked with young people in educational settings."
30,Prefer not to say,Australia,Yes,Emma Wilson,MA Counseling,Unverified,3,Wed-Fri,Art Therapist,07884 756 7887,Not Accepting,"I am an experienced art therapist with experience in offering help with intercultural issues and stress and burnout. I work primarily using psychodynamic therapy. I specialise in creating a safe, non-judgmental space for clients to explore their concerns. I previously worked with young people in educational settings."
48,Prefer not to say,Canada,No,David Brown,MA Counseling,Unverified,4,Mon-Fri,Family Therapist,07483 491 8348,Waitlist,"I am a qualified family therapist with experience in offering help with stress and burnout and relationship issues. I work primarily using EMDR. I specialise in creating a safe, non-judgmental space for clients to explore their concerns. I formerly worked in frontline mental health services."
51,Non-binary,Australia,Yes,David Brown,MSc Psychotherapy,Unverified,3,Mon-Fri,Family Therapist,07990 486 7154,Waitlist,"I am an accredited family therapist with experience in offering help with OCD and trauma and PTSD. I work primarily using psychodynamic therapy. I specialise in creating a safe, non-judgmental space for clients to explore their concerns. I have worked in both NHS and private settings."
39,Female,UK,No,Alice Smith,PhD Clinical Psychology,Verified,4,Wed-Fri,Psychotherapist,07182 799 9835,Waitlist,"I am an experienced psychotherapist with experience in offering help with complex trauma and addiction and recovery. I work primarily using schema therapy. I specialise in creating a safe, non-judgmental space for clients to explore their concerns. I have worked in both NHS and private settings."
31,Female,Other,Yes,Bob Jones,PhD Clinical Psychology,Verified,5,Tue-Thu,Clinical Psychologist,07236 769 6697,Accepting,"I am a qualified clinical psychologist with experience in offering help with grief and loss and addiction and recovery. I work primarily using solution-focused therapy. I specialise in creating a safe, non-judgmental space for clients to explore their concerns. I have experience working with diverse and multicultural populations."
34,Prefer not to say,USA,Yes,Carol White,MA Counseling,Verified,3,Mon-Fri,Mental Health Counsellor,07221 282 9802,Not Accepting,"I am a qualified mental health counsellor with experience in offering help with personality disorders and stress and burnout. I work primarily using integrative therapy. I specialise in creating a safe, non-judgmental space for clients to explore their concerns. I formerly worked in frontline mental health services."
43,Male,India,Yes,Emma Wilson,MA Counseling,Unverified,1,Tue-Thu,Occupational Therapist,07502 641 3086,Accepting,"I am an accredited occupational therapist with experience in offering help with early childhood trauma and life transitions. I work primarily using cognitive behavioural therapy (CBT). I specialise in creating a safe, non-judgmental space for clients to explore their concerns. I have worked extensively with both individuals and couples."
33,Male,Online Only,No,Bob Jones,PhD Clinical Psychology,Verified,4,Mon-Wed,CBT Therapist,07845 328 1056,Not Accepting,"I am an experienced cbt therapist with experience in offering help with bereavement and trauma and PTSD. I work primarily using psychodynamic therapy. I specialise in creating a safe, non-judgmental space for clients to explore their concerns. I trained at a leading London institution."
22,Prefer not to say,Online Only,Yes,Carol White,MA Counseling,Verified,3,Tue-Thu,Mental Health Counsellor,07874 123 5888,Accepting,"I am an accredited mental health counsellor with experience in offering help with early childhood trauma and eating disorders. I work primarily using mindfulness-based therapy. I specialise in creating a safe, non-judgmental space for clients to explore their concerns. I have worked extensively with both individuals and couples."
20,Female,Other,Yes,David Brown,MA Counseling,Unverified,2,Wed-Fri,Family Therapist,07574 789 9920,Not Accepting,"I am an experienced family therapist with experience in offering help with eating disorders and self-esteem and confidence. I work primarily using solution-focused therapy. I specialise in creating a safe, non-judgmental space for clients to explore their concerns. I have experience working with diverse and multicultural populations."
35,Prefer not to say,Online Only,No,David Brown,PhD Clinical Psychology,Verified,4,Wed-Fri,Family Therapist,07534 644 7214,Not Accepting,"I am an accredited family therapist with experience in offering help with depression and anxiety and family conflict. I work primarily using EMDR. I specialise in creating a safe, non-judgmental space for clients to explore their concerns. I have experience supporting individuals through major life transitions."
64,Prefer not to say,USA,Yes,Alice Smith,MSc Psychotherapy,Verified,0,Mon-Wed,Counsellor,07943 335 5055,Not Accepting,"I am an experienced counsellor with experience in offering help with generational trauma and personality disorders. I work primarily using schema therapy. I specialise in creating a safe, non-judgmental space for clients to explore their concerns. I have a background in crisis intervention."
55,Male,Australia,No,Alice Smith,MA Counseling,Unverified,5,Tue-Thu,Psychotherapist,07571 454 3541,Waitlist,"I am an experienced psychotherapist with experience in offering help with generational trauma and eating disorders. I work primarily using integrative therapy. I specialise in creating a safe, non-judgmental space for clients to explore their concerns. I formerly worked in frontline mental health services."
33,Non-binary,Online Only,No,Emma Wilson,MSc Psychotherapy,Unverified,5,Mon-Fri,Art Therapist,07382 293 2848,Waitlist,"I am an accredited art therapist with experience in offering help with life transitions and generational trauma. I work primarily using psychodynamic therapy. I specialise in creating a safe, non-judgmental space for clients to explore their concerns. I formerly worked in frontline mental health services."
34,Female,Online Only,Yes,Bob Jones,MA Counseling,Unverified,1,Mon-Wed,Clinical Psychologist,07132 928 7868,Accepting,"I am an accredited clinical psychologist with experience in offering help with bereavement and personality disorders. I work primarily using schema therapy. I specialise in creating a safe, non-judgmental space for clients to explore their concerns. I have experience supporting individuals through major life transitions."
30,Prefer not to say,India,Yes,Bob Jones,MA Counseling,Unverified,3,Wed-Fri,CBT Therapist,07729 884 1256,Accepting,"I am a qualified cbt therapist with experience in offering help with eating disorders and intercultural issues. I work primarily using integrative therapy. I specialise in creating a safe, non-judgmental space for clients to explore their concerns. I previously worked with young people in educational settings."
35,Non-binary,Other,No,Carol White,MA Counseling,Unverified,3,Tue-Thu,Mental Health Counsellor,07346 311 2102,Accepting,"I am an accredited mental health counsellor with experience in offering help with workplace issues and generational trauma. I work primarily using EMDR. I specialise in creating a safe, non-judgmental space for clients to explore their concerns. I have over a decade of experience in private practice."
63,Prefer not to say,Canada,Yes,Emma Wilson,MA Psychology,Unverified,0,Wed-Fri,Occupational Therapist,07203 708 1550,Waitlist,"I am an accredited occupational therapist with experience in offering help with phobias and addiction and recovery. I work primarily using person-centred therapy. I specialise in creating a safe, non-judgmental space for clients to explore their concerns. I have worked in both NHS and private settings."
41,Non-binary,USA,Yes,Alice Smith,MSc Psychotherapy,Unverified,3,Mon-Fri,Psychotherapist,07557 712 1797,Not Accepting,"I am an experienced psychotherapist with experience in offering help with bereavement and trauma and PTSD. I work primarily using schema therapy. I specialise in creating a safe, non-judgmental space for clients to explore their concerns. I previously worked in addiction services."
21,Female,Canada,Yes,Emma Wilson,MSc Psychotherapy,Unverified,3,Mon-Wed,Occupational Therapist,07350 858 1724,Waitlist,"I am a qualified occupational therapist with experience in offering help with life transitions and relationship issues. I work primarily using mindfulness-based therapy. I specialise in creating a safe, non-judgmental space for clients to explore their concerns. I have worked in both NHS and private settings."
34,Non-binary,Australia,No,David Brown,MA Counseling,Verified,0,Mon-Wed,EMDR Therapist,07511 549 4839,Accepting,"I am a qualified emdr therapist with experience in offering help with early childhood trauma and intercultural issues. I work primarily using dialectical behaviour therapy (DBT). I specialise in creating a safe, non-judgmental space for clients to explore their concerns. I previously worked in addiction services."
62,Non-binary,USA,Yes,Alice Smith,PhD Clinical Psychology,Verified,0,Wed-Fri,Counsellor,07652 322 1924,Accepting,"I am a qualified counsellor with experience in offering help with bipolar disorder and generational trauma. I work primarily using person-centred therapy. I specialise in creating a safe, non-judgmental space for clients to explore their concerns. I have worked in both NHS and private settings."
38,Female,Canada,Yes,Bob Jones,MA Counseling,Verified,2,Mon-Wed,Clinical Psychologist,07243 615 5739,Waitlist,"I am a qualified clinical psychologist with experience in offering help with phobias and relationship issues. I work primarily using person-centred therapy. I specialise in creating a safe, non-judgmental space for clients to explore their concerns. I trained at a leading London institution."
45,Male,Australia,No,Alice Smith,MA Psychology,Verified,5,Tue-Thu,Counsellor,07339 935 6224,Waitlist,"I am an experienced counsellor with experience in offering help with self-esteem and confidence and OCD. I work primarily using dialectical behaviour therapy (DBT). I specialise in creating a safe, non-judgmental space for clients to explore their concerns. I have a background in crisis intervention."
52,Prefer not to say,USA,Yes,David Brown,MA Counseling,Verified,2,Tue-Thu,Family Therapist,07691 712 6253,Accepting,"I am a qualified family therapist with experience in offering help with bereavement and generational trauma. I work primarily using dialectical behaviour therapy (DBT). I specialise in creating a safe, non-judgmental space for clients to explore their concerns. I have worked extensively with both individuals and couples."
36,Prefer not to say,Online Only,No,Alice Smith,MA Psychology,Verified,0,Wed-Fri,Counsellor,07342 409 3347,Accepting,"I am a qualified counsellor with experience in offering help with OCD and stress and burnout. I work primarily using EMDR. I specialise in creating a safe, non-judgmental space for clients to explore their concerns. I formerly worked in frontline mental health services."
18,Female,Australia,No,Bob Jones,MA Counseling,Verified,5,Wed-Fri,CBT Therapist,07776 633 4621,Accepting,"I am a qualified cbt therapist with experience in offering help with grief and loss and phobias. I work primarily using solution-focused therapy. I specialise in creating a safe, non-judgmental space for clients to explore their concerns. I have a background in crisis intervention."
53,Non-binary,Other,No,David Brown,MSc Psychotherapy,Verified,5,Mon-Wed,Family Therapist,07523 407 5508,Waitlist,"I am a qualified family therapist with experience in offering help with generational trauma and OCD. I work primarily using acceptance and commitment therapy (ACT). I specialise in creating a safe, non-judgmental space for clients to explore their concerns. I previously worked in addiction services."
19,Non-binary,Germany,Yes,Carol White,MA Counseling,Unverified,4,Wed-Fri,Mental Health Counsellor,07162 670 3869,Accepting,"I am an accredited mental health counsellor with experience in offering help with bipolar disorder and eating disorders. I work primarily using acceptance and commitment therapy (ACT). I specialise in creating a safe, non-judgmental space for clients to explore their concerns. I have experience supporting individuals through major life transitions."
44,Male,Germany,Yes,Emma Wilson,MSc Psychotherapy,Unverified,5,Tue-Thu,Occupational Therapist,07741 795 7999,Accepting,"I am an experienced occupational therapist with experience in offering help with complex trauma and relationship issues. I work primarily using mindfulness-based therapy. I specialise in creating a safe, non-judgmental space for clients to explore their concerns. I have over a decade of experience in private practice."
50,Non-binary,India,Yes,Carol White,PhD Clinical Psychology,Unverified,4,Mon-Fri,Mental Health Counsellor,07669 607 1768,Accepting,"I am an accredited mental health counsellor with experience in offering help with intercultural issues and addiction and recovery. I work primarily using psychodynamic therapy. I specialise in creating a safe, non-judgmental space for clients to explore their concerns. I have worked in both NHS and private settings."
62,Male,UK,Yes,David Brown,PhD Clinical Psychology,Unverified,5,Tue-Thu,EMDR Therapist,07452 758 7244,Waitlist,"I am a qualified emdr therapist with experience in offering help with workplace issues and depression and anxiety. I work primarily using dialectical behaviour therapy (DBT). I specialise in creating a safe, non-judgmental space for clients to explore their concerns. I have worked extensively with both individuals and couples."
58,Non-binary,Australia,No,David Brown,MA Counseling,Verified,4,Mon-Wed,Family Therapist,07904 637 6222,Accepting,"I am a qualified family therapist with experience in offering help with bereavement and intercultural issues. I work primarily using cognitive behavioural therapy (CBT). I specialise in creating a safe, non-judgmental space for clients to explore their concerns. I have experience supporting individuals through major life transitions."
38,Non-binary,USA,No,David Brown,MA Counseling,Unverified,1,Wed-Fri,Family Therapist,07813 526 7688,Accepting,"I am a qualified family therapist with experience in offering help with life transitions and phobias. I work primarily using acceptance and commitment therapy (ACT). I specialise in creating a safe, non-judgmental space for clients to explore their concerns. I have over a decade of experience in private practice."
42,Female,Online Only,No,Bob Jones,PhD Clinical Psychology,Verified,5,Wed-Fri,Clinical Psychologist,07252 407 7167,Not Accepting,"I am an accredited clinical psychologist with experience in offering help with personality disorders and grief and loss. I work primarily using dialectical behaviour therapy (DBT). I specialise in creating a safe, non-judgmental space for clients to explore their concerns. I have a background in crisis intervention."
54,Non-binary,USA,Yes,David Brown,MA Psychology,Unverified,2,Wed-Fri,Family Therapist,07288 872 9813,Not Accepting,"I am a qualified family therapist with experience in offering help with self-esteem and confidence and workplace issues. I work primarily using schema therapy. I specialise in creating a safe, non-judgmental space for clients to explore their concerns. I have worked in both NHS and private settings."
26,Prefer not to say,UK,No,Emma Wilson,PhD Clinical Psychology,Unverified,4,Mon-Wed,Occupational Therapist,07584 346 4692,Waitlist,"I am an experienced occupational therapist with experience in offering help with bipolar disorder and workplace issues. I work primarily using cognitive behavioural therapy (CBT). I specialise in creating a safe, non-judgmental space for clients to explore their concerns. I previously worked with young people in educational settings."
30,Prefer not to say,UK,No,Bob Jones,PhD Clinical Psychology,Unverified,4,Mon-Fri,CBT Therapist,07407 978 3365,Accepting,"I am an accredited cbt therapist with experience in offering help with complex trauma and workplace issues. I work primarily using EMDR. I specialise in creating a safe, non-judgmental space for clients to explore their concerns. I previously worked in addiction services."
26,Female,Online Only,Yes,David Brown,MA Psychology,Unverified,5,Mon-Wed,EMDR Therapist,07925 574 1944,Not Accepting,"I am an experienced emdr therapist with experience in offering help with complex trauma and bereavement. I work primarily using dialectical behaviour therapy (DBT). I specialise in creating a safe, non-judgmental space for clients to explore their concerns. I have over a decade of experience in private practice."
49,Female,Online Only,No,Bob Jones,PhD Clinical Psychology,Verified,5,Tue-Thu,Clinical Psychologist,07675 522 7824,Accepting,"I am a qualified clinical psychologist with experience in offering help with family conflict and bipolar disorder. I work primarily using cognitive behavioural therapy (CBT). I specialise in creating a safe, non-judgmental space for clients to explore their concerns. I previously worked with young people in educational settings."
38,Female,Online Only,No,Emma Wilson,PhD Clinical Psychology,Verified,4,Mon-Fri,Art Therapist,07670 642 3196,Accepting,"I am an accredited art therapist with experience in offering help with grief and loss and relationship issues. I work primarily using mindfulness-based therapy. I specialise in creating a safe, non-judgmental space for clients to explore their concerns. I trained at a leading London institution."
40,Non-binary,UK,Yes,Emma Wilson,MA Psychology,Verified,0,Wed-Fri,Occupational Therapist,07497 348 5177,Accepting,"I am a qualified occupational therapist with experience in offering help with trauma and PTSD and intercultural issues. I work primarily using schema therapy. I specialise in creating a safe, non-judgmental space for clients to explore their concerns. I trained at a leading London institution."
52,Female,Canada,No,Bob Jones,MA Psychology,Unverified,3,Tue-Thu,CBT Therapist,07308 438 2295,Accepting,"I am an experienced cbt therapist with experience in offering help with family conflict and self-esteem and confidence. I work primarily using cognitive behavioural therapy (CBT). I specialise in creating a safe, non-judgmental space for clients to explore their concerns. I formerly worked in frontline mental health services."
50,Prefer not to say,Canada,Yes,Alice Smith,MSc Psychotherapy,Verified,5,Wed-Fri,Counsellor,07560 967 7079,Accepting,"I am an experienced counsellor with experience in offering help with OCD and early childhood trauma. I work primarily using schema therapy. I specialise in creating a safe, non-judgmental space for clients to explore their concerns. I have a background in crisis intervention."
56,Non-binary,Online Only,No,Carol White,MA Counseling,Verified,5,Mon-Fri,Mental Health Counsellor,07194 648 4120,Waitlist,"I am an accredited mental health counsellor with experience in offering help with addiction and recovery and bereavement. I work primarily using schema therapy. I specialise in creating a safe, non-judgmental space for clients to explore their concerns. I have worked extensively with both individuals and couples."
46,Non-binary,Germany,Yes,David Brown,MSc Psychotherapy,Unverified,1,Mon-Wed,EMDR Therapist,07152 374 7179,Accepting,"I am an experienced emdr therapist with experience in offering help with personality disorders and phobias. I work primarily using integrative therapy. I specialise in creating a safe, non-judgmental space for clients to explore their concerns. I have worked extensively with both individuals and couples."
31,Male,Canada,No,Carol White,MA Psychology,Verified,3,Tue-Thu,Psychodynamic Therapist,07789 719 1647,Accepting,"I am an accredited psychodynamic therapist with experience in offering help with relationship issues and workplace issues. I work primarily using mindfulness-based therapy. I specialise in creating a safe, non-judgmental space for clients to explore their concerns. I have experience working with diverse and multicultural populations."
33,Female,Germany,Yes,Emma Wilson,PhD Clinical Psychology,Verified,2,Mon-Wed,Occupational Therapist,07994 174 4082,Accepting,"I am a qualified occupational therapist with experience in offering help with workplace issues and personality disorders. I work primarily using integrative therapy. I specialise in creating a safe, non-judgmental space for clients to explore their concerns. I trained at a leading London institution."
42,Female,Australia,No,Carol White,MA Psychology,Verified,5,Tue-Thu,Mental Health Counsellor,07923 879 4555,Waitlist,"I am a qualified mental health counsellor with experience in offering help with family conflict and depression and anxiety. I work primarily using schema therapy. I specialise in creating a safe, non-judgmental space for clients to explore their concerns. I have over a decade of experience in private practice."
43,Prefer not to say,Online Only,Yes,Alice Smith,PhD Clinical Psychology,Unverified,5,Wed-Fri,Psychotherapist,07590 313 6455,Waitlist,"I am an experienced psychotherapist with experience in offering help with complex trauma and grief and loss. I work primarily using psychodynamic therapy. I specialise in creating a safe, non-judgmental space for clients to explore their concerns. I have experience supporting individuals through major life transitions."
